Site_ID,Latitude,Longitude,Elevation_in_Meters,State,Species_ID,Genus,Species,Common_Name,Kingdom,Phenophase_ID,Phenophase_Description,First_Yes_Sample_Size,Mean_First_Yes_Year,Mean_First_Yes_DOY,Mean_First_Yes_Julian_Date,SE_First_Yes_In_Days,Min_First_Yes_DOY,Max_First_Yes_DOY,Median_First_Yes_DOY,Mean_NumDays_Since_Prior_No,SE_NumDays_Since_Prior_No,Last_Yes_Sample_Size,Mean_Last_Yes_Year,Mean_Last_Yes_DOY,Mean_Last_Yes_Julian_Date,SE_Last_Yes_in_Days,Mean_NumDays_Until_Next_No,SE_NumDays_Until_Next_No,Mean_AGDD
16610,37.991367,-122.132027,79,CA,1208,Malus,spp.,apple,Plantae,371,Breaking leaf buds,3,2014,148,2456806,6.1101009266078,136,156,152,10.333333333333,5.0442486501405,3,2014,155,2456813,1.3333333333333,6.6666666666667,1.3333333333333,2124.5833333333
16610,37.991367,-122.132027,79,CA,1208,Malus,spp.,apple,Plantae,390,Ripe fruits,1,2014,171,2456829,-9999.0,171,171,171,7.0,-9999.0,1,2014,227,2456885,-9999.0,4.0,-9999.0,2570.25
16610,37.991367,-122.132027,79,CA,1208,Malus,spp.,apple,Plantae,467,Early season leaf expansion,2,2014,173,2456831,24.0,149,197,173,9.0,4.0,3,2014,179,2456837,16.414763002994,7.3333333333333,2.9059326290271,2624.625
16610,37.991367,-122.132027,79,CA,1208,Malus,spp.,apple,Plantae,471,Falling leaves,3,2014,178,2456836,23.694818936731,152,225,156,9.3333333333333,5.3644923131437,3,2014,284,2456942,64.210591026715,6.3333333333333,1.6666666666667,2724.4166666667
16610,37.991367,-122.132027,79,CA,1208,Malus,spp.,apple,Plantae,498,Colored leaves,3,2014,181,2456839,13.89244398945,156,204,183,12.333333333333,4.3333333333333,2,2014,255,2456913,98.5,6.0,2.0,2776.0833333333
16610,37.991367,-122.132027,79,CA,1208,Malus,spp.,apple,Plantae,504,Recent fruit or seed drop,1,2014,152,2456810,-9999.0,152,152,152,3.0,-9999.0,1,2014,231,2456889,-9999.0,3.0,-9999.0,2197.75
16610,37.991367,-122.132027,79,CA,1208,Malus,spp.,apple,Plantae,516,Fruits,0,-9999,-9999,-9999,-9999.0,-9999,-9999,-9999,-9999.0,-9999.0,1,2014,227,2456885,-9999.0,4.0,-9999.0,-9999.0
17241,42.82711,-73.710182,81,NY,1208,Malus,spp.,apple,Plantae,371,Breaking leaf buds,1,2014,116,2456774,-9999.0,116,116,116,7.0,-9999.0,0,-9999,-9999,-9999,-9999.0,-9999.0,-9999.0,254.75
17241,42.82711,-73.710182,81,NY,1208,Malus,spp.,apple,Plantae,467,Early season leaf expansion,1,2014,131,2456789,-9999.0,131,131,131,8.0,-9999.0,0,-9999,-9999,-9999,-9999.0,-9999.0,-9999.0,429.75
17241,42.82711,-73.710182,81,NY,1208,Malus,spp.,apple,Plantae,500,Flowers or flower buds,1,2014,131,2456789,-9999.0,131,131,131,8.0,-9999.0,0,-9999,-9999,-9999,-9999.0,-9999.0,-9999.0,429.75
17406,37.257702,-80.394501,660,VA,1208,Malus,spp.,apple,Plantae,371,Breaking leaf buds,1,2014,101,2456759,-9999.0,101,101,101,2.0,-9999.0,0,-9999,-9999,-9999,-9999.0,-9999.0,-9999.0,334.5
17406,37.257702,-80.394501,660,VA,1208,Malus,spp.,apple,Plantae,467,Early season leaf expansion,1,2014,106,2456764,-9999.0,106,106,106,2.0,-9999.0,0,-9999,-9999,-9999,-9999.0,-9999.0,-9999.0,404.25
17406,37.257702,-80.394501,660,VA,1208,Malus,spp.,apple,Plantae,483,Leaves,1,2014,104,2456762,-9999.0,104,104,104,3.0,-9999.0,0,-9999,-9999,-9999,-9999.0,-9999.0,-9999.0,383.25
17771,37.297585,-121.990967,68,CA,1208,Malus,spp.,apple,Plantae,371,Breaking leaf buds,0,-9999,-9999,-9999,-9999.0,-9999,-9999,-9999,-9999.0,-9999.0,1,2014,99,2456757,-9999.0,15.0,-9999.0,-9999.0
17771,37.297585,-121.990967,68,CA,1208,Malus,spp.,apple,Plantae,498,Colored leaves,1,2014,114,2456772,-9999.0,114,114,114,15.0,-9999.0,0,-9999,-9999,-9999,-9999.0,-9999.0,-9999.0,1585.75
17771,37.297585,-121.990967,68,CA,1208,Malus,spp.,apple,Plantae,516,Fruits,1,2014,114,2456772,-9999.0,114,114,114,15.0,-9999.0,0,-9999,-9999,-9999,-9999.0,-9999.0,-9999.0,1585.75
18150,44.759247,-123.232376,64,OR,1208,Malus,spp.,apple,Plantae,371,Breaking leaf buds,0,-9999,-9999,-9999,-9999.0,-9999,-9999,-9999,-9999.0,-9999.0,1,2014,95,2456753,-9999.0,9.0,-9999.0,-9999.0
18150,44.759247,-123.232376,64,OR,1208,Malus,spp.,apple,Plantae,390,Ripe fruits,1,2014,231,2456889,-9999.0,231,231,231,9.0,-9999.0,1,2014,277,2456935,-9999.0,14.0,-9999.0,2924.25
18150,44.759247,-123.232376,64,OR,1208,Malus,spp.,apple,Plantae,467,Early season leaf expansion,1,2014,77,2456735,-9999.0,77,77,77,6.0,-9999.0,1,2014,175,2456833,-9999.0,21.0,-9999.0,475.25
18150,44.759247,-123.232376,64,OR,1208,Malus,spp.,apple,Plantae,471,Falling leaves,1,2014,258,2456916,-9999.0,258,258,258,17.0,-9999.0,0,-9999,-9999,-9999,-9999.0,-9999.0,-9999.0,3462.25
18150,44.759247,-123.232376,64,OR,1208,Malus,spp.,apple,Plantae,483,Leaves,1,2014,77,2456735,-9999.0,77,77,77,6.0,-9999.0,0,-9999,-9999,-9999,-9999.0,-9999.0,-9999.0,475.25
18150,44.759247,-123.232376,64,OR,1208,Malus,spp.,apple,Plantae,498,Colored leaves,1,2014,241,2456899,-9999.0,241,241,241,10.0,-9999.0,0,-9999,-9999,-9999,-9999.0,-9999.0,-9999.0,3135.5
18150,44.759247,-123.232376,64,OR,1208,Malus,spp.,apple,Plantae,500,Flowers or flower buds,1,2014,95,2456753,-9999.0,95,95,95,9.0,-9999.0,1,2014,116,2456774,-9999.0,9.0,-9999.0,628.5
18150,44.759247,-123.232376,64,OR,1208,Malus,spp.,apple,Plantae,501,Open flowers,1,2014,108,2456766,-9999.0,108,108,108,4.0,-9999.0,1,2014,116,2456774,-9999.0,9.0,-9999.0,777.25
18150,44.759247,-123.232376,64,OR,1208,Malus,spp.,apple,Plantae,504,Recent fruit or seed drop,1,2014,175,2456833,-9999.0,175,175,175,8.0,-9999.0,1,2014,277,2456935,-9999.0,14.0,-9999.0,1732.75
18150,44.759247,-123.232376,64,OR,1208,Malus,spp.,apple,Plantae,516,Fruits,1,2014,152,2456810,-9999.0,152,152,152,13.0,-9999.0,1,2014,277,2456935,-9999.0,14.0,-9999.0,1369.5
18271,38.458218,-122.721207,59,CA,1208,Malus,spp.,apple,Plantae,371,Breaking leaf buds,3,2014,191,2456849,0.0,191,191,191,8.0,0.0,3,2014,195,2456853,4.3333333333333,6.3333333333333,0.33333333333333,2888.25
18271,38.458218,-122.721207,59,CA,1208,Malus,spp.,apple,Plantae,390,Ripe fruits,2,2014,191,2456849,0.0,191,191,191,8.0,0.0,2,2014,204,2456862,0.0,7.0,0.0,2888.25
18271,38.458218,-122.721207,59,CA,1208,Malus,spp.,apple,Plantae,467,Early season leaf expansion,2,2014,211,2456869,0.0,211,211,211,7.0,0.0,2,2014,191,2456849,0.0,6.0,0.0,3308.75
18271,38.458218,-122.721207,59,CA,1208,Malus,spp.,apple,Plantae,498,Colored leaves,2,2014,191,2456849,0.0,191,191,191,8.0,0.0,2,2014,191,2456849,0.0,6.0,0.0,2888.25
18271,38.458218,-122.721207,59,CA,1208,Malus,spp.,apple,Plantae,504,Recent fruit or seed drop,3,2014,191,2456849,0.0,191,191,191,8.0,0.0,3,2014,204,2456862,0.0,7.0,0.0,2888.25
18819,40.300999,-75.06086,86,PA,1208,Malus,spp.,apple,Plantae,504,Recent fruit or seed drop,0,-9999,-9999,-9999,-9999.0,-9999,-9999,-9999,-9999.0,-9999.0,1,2014,267,2456925,-9999.0,7.0,-9999.0,-9999.0
18949,42.365437,-71.258598,36,MA,1208,Malus,spp.,apple,Plantae,471,Falling leaves,4,2014,320,2456978,3.7052890125693,314,331,318,7.75,4.8023431780746,2,2014,312,2456970,6.5,2.0,0.0,3723.75
18949,42.365437,-71.258598,36,MA,1208,Malus,spp.,apple,Plantae,498,Colored leaves,3,2014,304,2456962,2.6034165586356,300,309,304,2.6666666666667,0.66666666666667,1,2014,309,2456967,-9999.0,2.0,-9999.0,3621.75
16374,37.835827,-122.25074,57,CA,1208,Malus,spp.,apple,Plantae,371,Breaking leaf buds,1,2015,272,2457295,-9999.0,272,272,272,1.0,-9999.0,1,2015,307,2457330,-9999.0,3.0,-9999.0,4599.0
16374,37.835827,-122.25074,57,CA,1208,Malus,spp.,apple,Plantae,390,Ripe fruits,1,2015,275,2457298,-9999.0,275,275,275,2.0,-9999.0,1,2015,307,2457330,-9999.0,3.0,-9999.0,4653.75
16374,37.835827,-122.25074,57,CA,1208,Malus,spp.,apple,Plantae,467,Early season leaf expansion,1,2015,272,2457295,-9999.0,272,272,272,1.0,-9999.0,1,2015,314,2457337,-9999.0,5.0,-9999.0,4599.0
16374,37.835827,-122.25074,57,CA,1208,Malus,spp.,apple,Plantae,500,Flowers or flower buds,1,2015,272,2457295,-9999.0,272,272,272,1.0,-9999.0,1,2015,307,2457330,-9999.0,3.0,-9999.0,4599.0
16374,37.835827,-122.25074,57,CA,1208,Malus,spp.,apple,Plantae,501,Open flowers,1,2015,272,2457295,-9999.0,272,272,272,1.0,-9999.0,1,2015,272,2457295,-9999.0,1.0,-9999.0,4599.0
16374,37.835827,-122.25074,57,CA,1208,Malus,spp.,apple,Plantae,504,Recent fruit or seed drop,1,2015,292,2457315,-9999.0,292,292,292,3.0,-9999.0,1,2015,307,2457330,-9999.0,3.0,-9999.0,4993.25
16374,37.835827,-122.25074,57,CA,1208,Malus,spp.,apple,Plantae,516,Fruits,1,2015,272,2457295,-9999.0,272,272,272,1.0,-9999.0,1,2015,314,2457337,-9999.0,4.0,-9999.0,4599.0
16610,37.991367,-122.132027,79,CA,1208,Malus,spp.,apple,Plantae,371,Breaking leaf buds,2,2015,100,2457123,31.5,68,131,100,4.5,1.5,2,2015,178,2457201,0.0,9.0,0.0,1350.0
16610,37.991367,-122.132027,79,CA,1208,Malus,spp.,apple,Plantae,390,Ripe fruits,1,2015,173,2457196,-9999.0,173,173,173,7.0,-9999.0,1,2015,237,2457260,-9999.0,8.0,-9999.0,2606.75
16610,37.991367,-122.132027,79,CA,1208,Malus,spp.,apple,Plantae,467,Early season leaf expansion,2,2015,96,2457119,28.0,68,124,96,6.0,0.0,2,2015,245,2457268,0.0,2.0,0.0,1296.625
16610,37.991367,-122.132027,79,CA,1208,Malus,spp.,apple,Plantae,471,Falling leaves,2,2015,9,2457032,0.0,9,9,9,4.0,0.0,2,2015,267,2457290,1.5,5.0,2.0,83.5
16610,37.991367,-122.132027,79,CA,1208,Malus,spp.,apple,Plantae,483,Leaves,3,2015,66,2457089,50.163067423487,9,166,23,8.0,4.5092497528229,3,2015,66,2457089,50.163067423487,5.0,1.0,928.83333333333
16610,37.991367,-122.132027,79,CA,1208,Malus,spp.,apple,Plantae,498,Colored leaves,2,2015,16,2457039,7.0,9,23,16,3.5,0.5,3,2015,168,2457191,79.249255166496,6.6666666666667,3.7118429085533,160.375
16610,37.991367,-122.132027,79,CA,1208,Malus,spp.,apple,Plantae,500,Flowers or flower buds,1,2015,178,2457201,-9999.0,178,178,178,5.0,-9999.0,1,2015,178,2457201,-9999.0,9.0,-9999.0,2718.25
16610,37.991367,-122.132027,79,CA,1208,Malus,spp.,apple,Plantae,501,Open flowers,1,2015,131,2457154,-9999.0,131,131,131,3.0,-9999.0,1,2015,178,2457201,-9999.0,9.0,-9999.0,1853.5
16610,37.991367,-122.132027,79,CA,1208,Malus,spp.,apple,Plantae,504,Recent fruit or seed drop,1,2015,138,2457161,-9999.0,138,138,138,7.0,-9999.0,1,2015,237,2457260,-9999.0,8.0,-9999.0,1954.5
16610,37.991367,-122.132027,79,CA,1208,Malus,spp.,apple,Plantae,516,Fruits,0,-9999,-9999,-9999,-9999.0,-9999,-9999,-9999,-9999.0,-9999.0,1,2015,237,2457260,-9999.0,8.0,-9999.0,-9999.0
18524,40.860325,-73.878471,26,NY,1208,Malus,spp.,apple,Plantae,390,Ripe fruits,1,2015,261,2457284,-9999.0,261,261,261,15.0,-9999.0,0,-9999,-9999,-9999,-9999.0,-9999.0,-9999.0,3644.25
18524,40.860325,-73.878471,26,NY,1208,Malus,spp.,apple,Plantae,471,Falling leaves,2,2015,294,2457317,14.0,280,308,294,23.5,4.5,0,-9999,-9999,-9999,-9999.0,-9999.0,-9999.0,4164.875
18524,40.860325,-73.878471,26,NY,1208,Malus,spp.,apple,Plantae,498,Colored leaves,2,2015,280,2457303,0.0,280,280,280,19.0,0.0,2,2015,308,2457331,0.0,14.0,0.0,3979.25
19164,35.639633,-105.96991,2075,NM,1208,Malus,spp.,apple,Plantae,371,Breaking leaf buds,1,2015,58,2457081,-9999.0,58,58,58,6.0,-9999.0,0,-9999,-9999,-9999,-9999.0,-9999.0,-9999.0,156.0
19164,35.639633,-105.96991,2075,NM,1208,Malus,spp.,apple,Plantae,467,Early season leaf expansion,1,2015,104,2457127,-9999.0,104,104,104,14.0,-9999.0,0,-9999,-9999,-9999,-9999.0,-9999.0,-9999.0,524.25
19164,35.639633,-105.96991,2075,NM,1208,Malus,spp.,apple,Plantae,483,Leaves,1,2015,90,2457113,-9999.0,90,90,90,16.0,-9999.0,0,-9999,-9999,-9999,-9999.0,-9999.0,-9999.0,381.0
19164,35.639633,-105.96991,2075,NM,1208,Malus,spp.,apple,Plantae,500,Flowers or flower buds,1,2015,90,2457113,-9999.0,90,90,90,16.0,-9999.0,0,-9999,-9999,-9999,-9999.0,-9999.0,-9999.0,381.0
19164,35.639633,-105.96991,2075,NM,1208,Malus,spp.,apple,Plantae,501,Open flowers,1,2015,104,2457127,-9999.0,104,104,104,14.0,-9999.0,0,-9999,-9999,-9999,-9999.0,-9999.0,-9999.0,524.25
19749,46.819042,-92.084953,310,MN,1208,Malus,spp.,apple,Plantae,371,Breaking leaf buds,1,2015,104,2457127,-9999.0,104,104,104,8.0,-9999.0,1,2015,117,2457140,-9999.0,7.0,-9999.0,121.75
19749,46.819042,-92.084953,310,MN,1208,Malus,spp.,apple,Plantae,467,Early season leaf expansion,1,2015,111,2457134,-9999.0,111,111,111,7.0,-9999.0,0,-9999,-9999,-9999,-9999.0,-9999.0,-9999.0,173.5
19749,46.819042,-92.084953,310,MN,1208,Malus,spp.,apple,Plantae,483,Leaves,1,2015,111,2457134,-9999.0,111,111,111,7.0,-9999.0,0,-9999,-9999,-9999,-9999.0,-9999.0,-9999.0,173.5
19765,46.817081,-92.084427,302,MN,1208,Malus,spp.,apple,Plantae,371,Breaking leaf buds,1,2015,113,2457136,-9999.0,113,113,113,8.0,-9999.0,0,-9999,-9999,-9999,-9999.0,-9999.0,-9999.0,175.0
19765,46.817081,-92.084427,302,MN,1208,Malus,spp.,apple,Plantae,500,Flowers or flower buds,1,2015,121,2457144,-9999.0,121,121,121,8.0,-9999.0,0,-9999,-9999,-9999,-9999.0,-9999.0,-9999.0,223.75
19772,37.230656,-80.419464,639,VA,1208,Malus,spp.,apple,Plantae,371,Breaking leaf buds,1,2015,90,2457113,-9999.0,90,90,90,5.0,-9999.0,0,-9999,-9999,-9999,-9999.0,-9999.0,-9999.0,275.5
19772,37.230656,-80.419464,639,VA,1208,Malus,spp.,apple,Plantae,467,Early season leaf expansion,1,2015,98,2457121,-9999.0,98,98,98,5.0,-9999.0,0,-9999,-9999,-9999,-9999.0,-9999.0,-9999.0,361.25
19772,37.230656,-80.419464,639,VA,1208,Malus,spp.,apple,Plantae,483,Leaves,1,2015,93,2457116,-9999.0,93,93,93,3.0,-9999.0,0,-9999,-9999,-9999,-9999.0,-9999.0,-9999.0,308.25
19772,37.230656,-80.419464,639,VA,1208,Malus,spp.,apple,Plantae,500,Flowers or flower buds,1,2015,106,2457129,-9999.0,106,106,106,3.0,-9999.0,0,-9999,-9999,-9999,-9999.0,-9999.0,-9999.0,470.75
19772,37.230656,-80.419464,639,VA,1208,Malus,spp.,apple,Plantae,501,Open flowers,1,2015,111,2457134,-9999.0,111,111,111,5.0,-9999.0,0,-9999,-9999,-9999,-9999.0,-9999.0,-9999.0,542.5
19806,46.816734,-92.084488,302,MN,1208,Malus,spp.,apple,Plantae,371,Breaking leaf buds,1,2015,119,2457142,-9999.0,119,119,119,9.0,-9999.0,0,-9999,-9999,-9999,-9999.0,-9999.0,-9999.0,208.75
19806,46.816734,-92.084488,302,MN,1208,Malus,spp.,apple,Plantae,390,Ripe fruits,0,-9999,-9999,-9999,-9999.0,-9999,-9999,-9999,-9999.0,-9999.0,1,2015,119,2457142,-9999.0,9.0,-9999.0,-9999.0
19806,46.816734,-92.084488,302,MN,1208,Malus,spp.,apple,Plantae,467,Early season leaf expansion,1,2015,128,2457151,-9999.0,128,128,128,9.0,-9999.0,0,-9999,-9999,-9999,-9999.0,-9999.0,-9999.0,309.0
19806,46.816734,-92.084488,302,MN,1208,Malus,spp.,apple,Plantae,483,Leaves,1,2015,128,2457151,-9999.0,128,128,128,9.0,-9999.0,0,-9999,-9999,-9999,-9999.0,-9999.0,-9999.0,309.0
19806,46.816734,-92.084488,302,MN,1208,Malus,spp.,apple,Plantae,500,Flowers or flower buds,1,2015,128,2457151,-9999.0,128,128,128,9.0,-9999.0,0,-9999,-9999,-9999,-9999.0,-9999.0,-9999.0,309.0
19806,46.816734,-92.084488,302,MN,1208,Malus,spp.,apple,Plantae,516,Fruits,0,-9999,-9999,-9999,-9999.0,-9999,-9999,-9999,-9999.0,-9999.0,1,2015,119,2457142,-9999.0,9.0,-9999.0,-9999.0
20300,44.990288,-93.131744,273,MN,1208,Malus,spp.,apple,Plantae,471,Falling leaves,0,-9999,-9999,-9999,-9999.0,-9999,-9999,-9999,-9999.0,-9999.0,1,2015,294,2457317,-9999.0,15.0,-9999.0,-9999.0
20300,44.990288,-93.131744,273,MN,1208,Malus,spp.,apple,Plantae,483,Leaves,0,-9999,-9999,-9999,-9999.0,-9999,-9999,-9999,-9999.0,-9999.0,1,2015,294,2457317,-9999.0,15.0,-9999.0,-9999.0
20300,44.990288,-93.131744,273,MN,1208,Malus,spp.,apple,Plantae,498,Colored leaves,0,-9999,-9999,-9999,-9999.0,-9999,-9999,-9999,-9999.0,-9999.0,1,2015,294,2457317,-9999.0,15.0,-9999.0,-9999.0
20702,44.284657,-73.982742,559,NY,1208,Malus,spp.,apple,Plantae,371,Breaking leaf buds,5,2015,126,2457149,0.74833147735479,124,128,124,2.4,0.24494897427832,5,2015,130,2457153,1.1224972160322,3.2,0.2,175.05
20702,44.284657,-73.982742,559,NY,1208,Malus,spp.,apple,Plantae,390,Ripe fruits,0,-9999,-9999,-9999,-9999.0,-9999,-9999,-9999,-9999.0,-9999.0,5,2015,261,2457284,2.4,11.4,0.6,-9999.0
20702,44.284657,-73.982742,559,NY,1208,Malus,spp.,apple,Plantae,467,Early season leaf expansion,5,2015,132,2457155,0.6,131,134,131,3.0,0.0,5,2015,137,2457160,1.6,7.0,1.0,273.05
20702,44.284657,-73.982742,559,NY,1208,Malus,spp.,apple,Plantae,471,Falling leaves,3,2015,277,2457300,3.0,271,280,280,10.0,1.0,3,2015,258,2457281,6.6666666666667,8.3333333333333,0.33333333333333,2561.3333333333
20702,44.284657,-73.982742,559,NY,1208,Malus,spp.,apple,Plantae,483,Leaves,5,2015,128,2457151,0.4,126,128,128,2.0,0.0,5,2015,259,2457282,0.0,12.0,0.0,201.85
20702,44.284657,-73.982742,559,NY,1208,Malus,spp.,apple,Plantae,498,Colored leaves,2,2015,271,2457294,0.0,271,271,271,12.0,0.0,1,2015,251,2457274,-9999.0,8.0,-9999.0,2511.5
20702,44.284657,-73.982742,559,NY,1208,Malus,spp.,apple,Plantae,500,Flowers or flower buds,5,2015,127,2457150,1.3416407864999,124,131,124,2.6,0.24494897427832,5,2015,138,2457161,0.0,7.4,1.6,198.6
20702,44.284657,-73.982742,559,NY,1208,Malus,spp.,apple,Plantae,501,Open flowers,5,2015,139,2457162,0.24494897427832,138,139,138,2.2,0.73484692283495,2,2015,139,2457162,0.0,8.0,0.0,365.25
20702,44.284657,-73.982742,559,NY,1208,Malus,spp.,apple,Plantae,516,Fruits,1,2015,259,2457282,-9999.0,259,259,259,8.0,-9999.0,5,2015,259,2457282,0.0,12.0,0.0,2352.5
21072,42.134422,-71.948395,240,MA,1208,Malus,spp.,apple,Plantae,467,Early season leaf expansion,0,-9999,-9999,-9999,-9999.0,-9999,-9999,-9999,-9999.0,-9999.0,1,2015,182,2457205,-9999.0,25.0,-9999.0,-9999.0
5261,42.448402,-72.345314,270,MA,1208,Malus,spp.,apple,Plantae,390,Ripe fruits,1,2016,243,2457631,-9999.0,243,243,243,11.0,-9999.0,1,2016,281,2457669,-9999.0,5.0,-9999.0,2688.75
5261,42.448402,-72.345314,270,MA,1208,Malus,spp.,apple,Plantae,467,Early season leaf expansion,0,-9999,-9999,-9999,-9999.0,-9999,-9999,-9999,-9999.0,-9999.0,1,2016,141,2457529,-9999.0,21.0,-9999.0,-9999.0
5261,42.448402,-72.345314,270,MA,1208,Malus,spp.,apple,Plantae,471,Falling leaves,0,-9999,-9999,-9999,-9999.0,-9999,-9999,-9999,-9999.0,-9999.0,1,2016,303,2457691,-9999.0,13.0,-9999.0,-9999.0
5261,42.448402,-72.345314,270,MA,1208,Malus,spp.,apple,Plantae,498,Colored leaves,1,2016,173,2457561,-9999.0,173,173,173,11.0,-9999.0,1,2016,208,2457596,-9999.0,24.0,-9999.0,1185.0
5261,42.448402,-72.345314,270,MA,1208,Malus,spp.,apple,Plantae,500,Flowers or flower buds,0,-9999,-9999,-9999,-9999.0,-9999,-9999,-9999,-9999.0,-9999.0,1,2016,141,2457529,-9999.0,17.0,-9999.0,-9999.0
5261,42.448402,-72.345314,270,MA,1208,Malus,spp.,apple,Plantae,501,Open flowers,0,-9999,-9999,-9999,-9999.0,-9999,-9999,-9999,-9999.0,-9999.0,1,2016,141,2457529,-9999.0,17.0,-9999.0,-9999.0
5261,42.448402,-72.345314,270,MA,1208,Malus,spp.,apple,Plantae,504,Recent fruit or seed drop,0,-9999,-9999,-9999,-9999.0,-9999,-9999,-9999,-9999.0,-9999.0,1,2016,295,2457683,-9999.0,8.0,-9999.0,-9999.0
5261,42.448402,-72.345314,270,MA,1208,Malus,spp.,apple,Plantae,516,Fruits,1,2016,158,2457546,-9999.0,158,158,158,17.0,-9999.0,1,2016,281,2457669,-9999.0,5.0,-9999.0,927.5
8640,43.430897,-72.788094,537,VT,1208,Malus,spp.,apple,Plantae,500,Flowers or flower buds,1,2016,148,2457536,-9999.0,148,148,148,9.0,-9999.0,0,-9999,-9999,-9999,-9999.0,-9999.0,-9999.0,484.75
8640,43.430897,-72.788094,537,VT,1208,Malus,spp.,apple,Plantae,501,Open flowers,1,2016,148,2457536,-9999.0,148,148,148,9.0,-9999.0,0,-9999,-9999,-9999,-9999.0,-9999.0,-9999.0,484.75
16374,37.835827,-122.25074,57,CA,1208,Malus,spp.,apple,Plantae,471,Falling leaves,1,2016,272,2457660,-9999.0,272,272,272,5.0,-9999.0,1,2016,265,2457653,-9999.0,2.0,-9999.0,4441.75
16374,37.835827,-122.25074,57,CA,1208,Malus,spp.,apple,Plantae,483,Leaves,1,2016,272,2457660,-9999.0,272,272,272,5.0,-9999.0,1,2016,265,2457653,-9999.0,2.0,-9999.0,4441.75
16374,37.835827,-122.25074,57,CA,1208,Malus,spp.,apple,Plantae,498,Colored leaves,1,2016,272,2457660,-9999.0,272,272,272,5.0,-9999.0,1,2016,265,2457653,-9999.0,2.0,-9999.0,4441.75
16374,37.835827,-122.25074,57,CA,1208,Malus,spp.,apple,Plantae,504,Recent fruit or seed drop,1,2016,267,2457655,-9999.0,267,267,267,2.0,-9999.0,1,2016,267,2457655,-9999.0,5.0,-9999.0,4326.25
16610,37.991367,-122.132027,79,CA,1208,Malus,spp.,apple,Plantae,371,Breaking leaf buds,2,2016,180,2457568,42.5,137,222,180,5.0,0.0,3,2016,235,2457623,8.569973421455,4.6666666666667,1.8559214542767,2756.875
16610,37.991367,-122.132027,79,CA,1208,Malus,spp.,apple,Plantae,390,Ripe fruits,1,2016,175,2457563,-9999.0,175,175,175,1.0,-9999.0,1,2016,231,2457619,-9999.0,6.0,-9999.0,2630.25
16610,37.991367,-122.132027,79,CA,1208,Malus,spp.,apple,Plantae,467,Early season leaf expansion,2,2016,111,2457499,9.0,102,120,111,6.0,4.0,3,2016,262,2457650,26.027762955053,3.3333333333333,1.3333333333333,1456.75
16610,37.991367,-122.132027,79,CA,1208,Malus,spp.,apple,Plantae,471,Falling leaves,2,2016,146,2457534,9.0,137,155,146,3.5,1.5,2,2016,312,2457700,32.5,2.5,1.5,2059.875
16610,37.991367,-122.132027,79,CA,1208,Malus,spp.,apple,Plantae,483,Leaves,2,2016,238,2457626,1.0,237,239,238,4.0,2.0,3,2016,177,2457565,68.088178122197,2.0,0.57735026918963,3958.625
16610,37.991367,-122.132027,79,CA,1208,Malus,spp.,apple,Plantae,498,Colored leaves,2,2016,129,2457517,8.5,120,137,129,3.5,1.5,3,2016,277,2457665,24.378952670969,12.0,8.0829037686548,1742.625
16610,37.991367,-122.132027,79,CA,1208,Malus,spp.,apple,Plantae,500,Flowers or flower buds,1,2016,102,2457490,-9999.0,102,102,102,8.0,-9999.0,1,2016,120,2457508,-9999.0,12.0,-9999.0,1313.75
16610,37.991367,-122.132027,79,CA,1208,Malus,spp.,apple,Plantae,501,Open flowers,1,2016,102,2457490,-9999.0,102,102,102,8.0,-9999.0,1,2016,120,2457508,-9999.0,12.0,-9999.0,1313.75
16610,37.991367,-122.132027,79,CA,1208,Malus,spp.,apple,Plantae,504,Recent fruit or seed drop,1,2016,159,2457547,-9999.0,159,159,159,1.0,-9999.0,1,2016,217,2457605,-9999.0,5.0,-9999.0,2318.75
16610,37.991367,-122.132027,79,CA,1208,Malus,spp.,apple,Plantae,516,Fruits,1,2016,94,2457482,-9999.0,94,94,94,2.0,-9999.0,1,2016,231,2457619,-9999.0,6.0,-9999.0,1180.5
18524,40.860325,-73.878471,26,NY,1208,Malus,spp.,apple,Plantae,371,Breaking leaf buds,2,2016,77,2457465,0.0,77,77,77,7.0,0.0,2,2016,92,2457480,0.0,1.0,0.0,308.75
18524,40.860325,-73.878471,26,NY,1208,Malus,spp.,apple,Plantae,390,Ripe fruits,2,2016,202,2457590,14.0,188,216,202,6.5,0.5,2,2016,255,2457643,10.5,6.0,1.0,2422.625
18524,40.860325,-73.878471,26,NY,1208,Malus,spp.,apple,Plantae,467,Early season leaf expansion,2,2016,111,2457499,0.0,111,111,111,6.0,0.0,2,2016,146,2457534,0.0,8.0,0.0,612.5
18524,40.860325,-73.878471,26,NY,1208,Malus,spp.,apple,Plantae,471,Falling leaves,2,2016,268,2457656,2.5,265,270,268,9.5,4.5,1,2016,270,2457658,-9999.0,16.0,-9999.0,4048.375
18524,40.860325,-73.878471,26,NY,1208,Malus,spp.,apple,Plantae,483,Leaves,2,2016,92,2457480,0.0,92,92,92,8.0,0.0,2,2016,115,2457503,3.5,10.5,3.5,444.25
18524,40.860325,-73.878471,26,NY,1208,Malus,spp.,apple,Plantae,498,Colored leaves,2,2016,257,2457645,13.0,244,270,257,16.5,11.5,0,-9999,-9999,-9999,-9999.0,-9999.0,-9999.0,3806.75
18524,40.860325,-73.878471,26,NY,1208,Malus,spp.,apple,Plantae,500,Flowers or flower buds,1,2016,105,2457493,-9999.0,105,105,105,12.0,-9999.0,1,2016,146,2457534,-9999.0,8.0,-9999.0,530.0
18524,40.860325,-73.878471,26,NY,1208,Malus,spp.,apple,Plantae,501,Open flowers,2,2016,108,2457496,3.0,105,111,108,9.0,3.0,2,2016,125,2457513,14.0,7.0,0.0,571.25
18524,40.860325,-73.878471,26,NY,1208,Malus,spp.,apple,Plantae,504,Recent fruit or seed drop,1,2016,216,2457604,-9999.0,216,216,216,7.0,-9999.0,1,2016,226,2457614,-9999.0,18.0,-9999.0,2785.25
18524,40.860325,-73.878471,26,NY,1208,Malus,spp.,apple,Plantae,516,Fruits,2,2016,93,2457481,0.0,93,93,93,1.0,0.0,2,2016,265,2457653,0.0,5.0,0.0,457.25
20300,44.990288,-93.131744,273,MN,1208,Malus,spp.,apple,Plantae,371,Breaking leaf buds,1,2016,108,2457496,-9999.0,108,108,108,1.0,-9999.0,1,2016,110,2457498,-9999.0,14.0,-9999.0,267.75
20300,44.990288,-93.131744,273,MN,1208,Malus,spp.,apple,Plantae,390,Ripe fruits,0,-9999,-9999,-9999,-9999.0,-9999,-9999,-9999,-9999.0,-9999.0,1,2016,275,2457663,-9999.0,16.0,-9999.0,-9999.0
20300,44.990288,-93.131744,273,MN,1208,Malus,spp.,apple,Plantae,467,Early season leaf expansion,1,2016,124,2457512,-9999.0,124,124,124,14.0,-9999.0,1,2016,133,2457521,-9999.0,6.0,-9999.0,445.75
20300,44.990288,-93.131744,273,MN,1208,Malus,spp.,apple,Plantae,483,Leaves,1,2016,124,2457512,-9999.0,124,124,124,14.0,-9999.0,1,2016,291,2457679,-9999.0,12.0,-9999.0,445.75
20300,44.990288,-93.131744,273,MN,1208,Malus,spp.,apple,Plantae,500,Flowers or flower buds,1,2016,131,2457519,-9999.0,131,131,131,7.0,-9999.0,1,2016,131,2457519,-9999.0,2.0,-9999.0,553.0
20300,44.990288,-93.131744,273,MN,1208,Malus,spp.,apple,Plantae,501,Open flowers,1,2016,131,2457519,-9999.0,131,131,131,7.0,-9999.0,1,2016,131,2457519,-9999.0,2.0,-9999.0,553.0
20300,44.990288,-93.131744,273,MN,1208,Malus,spp.,apple,Plantae,516,Fruits,1,2016,144,2457532,-9999.0,144,144,144,5.0,-9999.0,0,-9999,-9999,-9999,-9999.0,-9999.0,-9999.0,718.5
20702,44.284657,-73.982742,559,NY,1208,Malus,spp.,apple,Plantae,371,Breaking leaf buds,5,2016,124,2457512,0.73484692283495,123,126,123,9.0,2.4494897427832,5,2016,130,2457518,0.0,4.0,0.0,194.55
20702,44.284657,-73.982742,559,NY,1208,Malus,spp.,apple,Plantae,390,Ripe fruits,3,2016,274,2457662,4.6666666666667,265,279,279,5.0,0.0,5,2016,270,2457658,5.6338264084013,8.2,1.7146428199482,2605.5833333333
20702,44.284657,-73.982742,559,NY,1208,Malus,spp.,apple,Plantae,467,Early season leaf expansion,2,2016,134,2457522,4.0,130,138,134,4.0,0.0,2,2016,134,2457522,4.0,5.5,1.5,277.25
20702,44.284657,-73.982742,559,NY,1208,Malus,spp.,apple,Plantae,471,Falling leaves,5,2016,276,2457664,2.4,274,286,274,4.6,0.6,5,2016,281,2457669,4.2848570571257,4.6,0.24494897427832,2623.25
20702,44.284657,-73.982742,559,NY,1208,Malus,spp.,apple,Plantae,483,Leaves,5,2016,130,2457518,0.0,130,130,130,4.0,0.0,4,2016,284,2457672,2.7233557730614,7.75,1.8874586088177,241.75
20702,44.284657,-73.982742,559,NY,1208,Malus,spp.,apple,Plantae,498,Colored leaves,5,2016,263,2457651,1.2247448713916,260,265,260,4.6,0.24494897427832,4,2016,270,2457658,4.2914643965279,5.75,2.0564937798755,2468.75
20702,44.284657,-73.982742,559,NY,1208,Malus,spp.,apple,Plantae,500,Flowers or flower buds,5,2016,139,2457527,1.4,138,145,138,4.6,0.6,3,2016,138,2457526,0.0,7.0,0.0,329.95
20702,44.284657,-73.982742,559,NY,1208,Malus,spp.,apple,Plantae,501,Open flowers,3,2016,145,2457533,0.0,145,145,145,7.0,0.0,0,-9999,-9999,-9999,-9999.0,-9999.0,-9999.0,398.75
20702,44.284657,-73.982742,559,NY,1208,Malus,spp.,apple,Plantae,504,Recent fruit or seed drop,1,2016,265,2457653,-9999.0,265,265,265,5.0,-9999.0,1,2016,265,2457653,-9999.0,1.0,-9999.0,2501.75
20702,44.284657,-73.982742,559,NY,1208,Malus,spp.,apple,Plantae,516,Fruits,5,2016,275,2457663,2.756809750418,265,279,273,4.6,0.4,5,2016,278,2457666,1.2,9.0,2.0,2612.0
22161,46.743404,-68.482323,213,ME,1208,Malus,spp.,apple,Plantae,371,Breaking leaf buds,1,2016,135,2457523,-9999.0,135,135,135,7.0,-9999.0,1,2016,135,2457523,-9999.0,7.0,-9999.0,211.0
22161,46.743404,-68.482323,213,ME,1208,Malus,spp.,apple,Plantae,483,Leaves,1,2016,135,2457523,-9999.0,135,135,135,7.0,-9999.0,0,-9999,-9999,-9999,-9999.0,-9999.0,-9999.0,211.0
22162,46.740166,-68.481377,213,ME,1208,Malus,spp.,apple,Plantae,371,Breaking leaf buds,3,2016,130,2457518,2.3333333333333,128,135,128,17.333333333333,2.3333333333333,1,2016,128,2457516,-9999.0,14.0,-9999.0,169.16666666667
22162,46.740166,-68.481377,213,ME,1208,Malus,spp.,apple,Plantae,483,Leaves,3,2016,142,2457530,0.0,142,142,142,9.3333333333333,2.3333333333333,0,-9999,-9999,-9999,-9999.0,-9999.0,-9999.0,282.75
22162,46.740166,-68.481377,213,ME,1208,Malus,spp.,apple,Plantae,500,Flowers or flower buds,1,2016,142,2457530,-9999.0,142,142,142,14.0,-9999.0,0,-9999,-9999,-9999,-9999.0,-9999.0,-9999.0,282.75
22221,42.275463,-73.59787,265,NY,1208,Malus,spp.,apple,Plantae,371,Breaking leaf buds,2,2016,99,2457487,0.0,99,99,99,10.0,0.0,2,2016,123,2457511,0.0,4.0,0.0,264.75
22221,42.275463,-73.59787,265,NY,1208,Malus,spp.,apple,Plantae,467,Early season leaf expansion,2,2016,112,2457500,0.0,112,112,112,6.0,0.0,2,2016,175,2457563,0.0,6.0,0.0,359.5
22221,42.275463,-73.59787,265,NY,1208,Malus,spp.,apple,Plantae,471,Falling leaves,2,2016,183,2457571,17.5,165,200,183,4.5,0.5,2,2016,277,2457665,22.5,5.5,0.5,1468.625
22221,42.275463,-73.59787,265,NY,1208,Malus,spp.,apple,Plantae,483,Leaves,2,2016,112,2457500,0.0,112,112,112,6.0,0.0,0,-9999,-9999,-9999,-9999.0,-9999.0,-9999.0,359.5
22221,42.275463,-73.59787,265,NY,1208,Malus,spp.,apple,Plantae,498,Colored leaves,2,2016,200,2457588,0.0,200,200,200,4.0,0.0,0,-9999,-9999,-9999,-9999.0,-9999.0,-9999.0,1830.75
22221,42.275463,-73.59787,265,NY,1208,Malus,spp.,apple,Plantae,500,Flowers or flower buds,2,2016,68,2457456,0.0,68,68,68,7.0,0.0,2,2016,143,2457531,2.5,4.5,0.5,76.25
22221,42.275463,-73.59787,265,NY,1208,Malus,spp.,apple,Plantae,501,Open flowers,2,2016,130,2457518,0.0,130,130,130,3.0,0.0,2,2016,143,2457531,2.5,4.5,0.5,534.0
22221,42.275463,-73.59787,265,NY,1208,Malus,spp.,apple,Plantae,516,Fruits,2,2016,149,2457537,0.0,149,149,149,4.0,0.0,2,2016,199,2457587,12.5,8.5,1.5,811.0
23882,44.893559,-93.296257,263,MN,1208,Malus,spp.,apple,Plantae,498,Colored leaves,1,2016,276,2457664,-9999.0,276,276,276,1.0,-9999.0,0,-9999,-9999,-9999,-9999.0,-9999.0,-9999.0,3501.0
5261,42.448402,-72.345314,270,MA,1208,Malus,spp.,apple,Plantae,371,Breaking leaf buds,1,2017,112,2457866,-9999.0,112,112,112,9.0,-9999.0,1,2017,116,2457870,-9999.0,10.0,-9999.0,288.75
5261,42.448402,-72.345314,270,MA,1208,Malus,spp.,apple,Plantae,467,Early season leaf expansion,1,2017,126,2457880,-9999.0,126,126,126,10.0,-9999.0,1,2017,146,2457900,-9999.0,15.0,-9999.0,446.5
5261,42.448402,-72.345314,270,MA,1208,Malus,spp.,apple,Plantae,471,Falling leaves,0,-9999,-9999,-9999,-9999.0,-9999,-9999,-9999,-9999.0,-9999.0,1,2017,301,2458055,-9999.0,13.0,-9999.0,-9999.0
5261,42.448402,-72.345314,270,MA,1208,Malus,spp.,apple,Plantae,483,Leaves,1,2017,116,2457870,-9999.0,116,116,116,4.0,-9999.0,1,2017,301,2458055,-9999.0,13.0,-9999.0,327.25
5261,42.448402,-72.345314,270,MA,1208,Malus,spp.,apple,Plantae,498,Colored leaves,1,2017,204,2457958,-9999.0,204,204,204,9.0,-9999.0,1,2017,301,2458055,-9999.0,13.0,-9999.0,1792.5
5261,42.448402,-72.345314,270,MA,1208,Malus,spp.,apple,Plantae,500,Flowers or flower buds,1,2017,116,2457870,-9999.0,116,116,116,4.0,-9999.0,1,2017,134,2457888,-9999.0,6.0,-9999.0,327.25
5261,42.448402,-72.345314,270,MA,1208,Malus,spp.,apple,Plantae,501,Open flowers,1,2017,126,2457880,-9999.0,126,126,126,10.0,-9999.0,1,2017,134,2457888,-9999.0,6.0,-9999.0,446.5
5261,42.448402,-72.345314,270,MA,1208,Malus,spp.,apple,Plantae,504,Recent fruit or seed drop,1,2017,330,2458084,-9999.0,330,330,330,7.0,-9999.0,1,2017,314,2458068,-9999.0,1.0,-9999.0,3541.75
5261,42.448402,-72.345314,270,MA,1208,Malus,spp.,apple,Plantae,516,Fruits,1,2017,161,2457915,-9999.0,161,161,161,15.0,-9999.0,0,-9999,-9999,-9999,-9999.0,-9999.0,-9999.0,895.25
9927,39.498241,-104.89093,1921,CO,1208,Malus,spp.,apple,Plantae,371,Breaking leaf buds,1,2017,84,2457838,-9999.0,84,84,84,3.0,-9999.0,0,-9999,-9999,-9999,-9999.0,-9999.0,-9999.0,385.75
9927,39.498241,-104.89093,1921,CO,1208,Malus,spp.,apple,Plantae,467,Early season leaf expansion,1,2017,113,2457867,-9999.0,113,113,113,15.0,-9999.0,0,-9999,-9999,-9999,-9999.0,-9999.0,-9999.0,622.75
9927,39.498241,-104.89093,1921,CO,1208,Malus,spp.,apple,Plantae,483,Leaves,1,2017,98,2457852,-9999.0,98,98,98,14.0,-9999.0,0,-9999,-9999,-9999,-9999.0,-9999.0,-9999.0,469.0
9927,39.498241,-104.89093,1921,CO,1208,Malus,spp.,apple,Plantae,500,Flowers or flower buds,1,2017,84,2457838,-9999.0,84,84,84,3.0,-9999.0,0,-9999,-9999,-9999,-9999.0,-9999.0,-9999.0,385.75
9927,39.498241,-104.89093,1921,CO,1208,Malus,spp.,apple,Plantae,501,Open flowers,1,2017,113,2457867,-9999.0,113,113,113,15.0,-9999.0,0,-9999,-9999,-9999,-9999.0,-9999.0,-9999.0,622.75
16610,37.991367,-122.132027,79,CA,1208,Malus,spp.,apple,Plantae,371,Breaking leaf buds,2,2017,78,2457832,1.5,76,79,78,3.5,0.5,2,2017,104,2457858,4.0,2.0,1.0,846.25
16610,37.991367,-122.132027,79,CA,1208,Malus,spp.,apple,Plantae,390,Ripe fruits,1,2017,202,2457956,-9999.0,202,202,202,7.0,-9999.0,1,2017,224,2457978,-9999.0,6.0,-9999.0,3111.0
16610,37.991367,-122.132027,79,CA,1208,Malus,spp.,apple,Plantae,467,Early season leaf expansion,2,2017,78,2457832,2.0,76,80,78,2.5,1.5,2,2017,255,2458009,0.0,2.0,0.0,853.75
16610,37.991367,-122.132027,79,CA,1208,Malus,spp.,apple,Plantae,471,Falling leaves,2,2017,192,2457946,3.5,188,195,192,12.5,8.5,2,2017,274,2458028,79.0,4.0,3.0,2868.0
16610,37.991367,-122.132027,79,CA,1208,Malus,spp.,apple,Plantae,483,Leaves,3,2017,144,2457898,66.010100237262,76,276,80,3.3333333333333,1.2018504251547,3,2017,230,2457984,79.052725021553,2.0,0.57735026918963,2148.6666666667
16610,37.991367,-122.132027,79,CA,1208,Malus,spp.,apple,Plantae,498,Colored leaves,2,2017,178,2457932,70.0,108,248,178,7.5,6.5,2,2017,268,2458022,79.5,4.0,1.0,2714.5
16610,37.991367,-122.132027,79,CA,1208,Malus,spp.,apple,Plantae,500,Flowers or flower buds,2,2017,69,2457823,0.0,69,69,69,1.0,0.0,2,2017,109,2457863,8.5,1.0,0.0,707.5
16610,37.991367,-122.132027,79,CA,1208,Malus,spp.,apple,Plantae,501,Open flowers,1,2017,86,2457840,-9999.0,86,86,86,4.0,-9999.0,1,2017,117,2457871,-9999.0,1.0,-9999.0,958.0
16610,37.991367,-122.132027,79,CA,1208,Malus,spp.,apple,Plantae,504,Recent fruit or seed drop,1,2017,188,2457942,-9999.0,188,188,188,21.0,-9999.0,1,2017,213,2457967,-9999.0,3.0,-9999.0,2788.25
16610,37.991367,-122.132027,79,CA,1208,Malus,spp.,apple,Plantae,516,Fruits,1,2017,115,2457869,-9999.0,115,115,115,1.0,-9999.0,1,2017,224,2457978,-9999.0,6.0,-9999.0,1374.75
18524,40.860325,-73.878471,26,NY,1208,Malus,spp.,apple,Plantae,371,Breaking leaf buds,2,2017,92,2457846,0.0,92,92,92,12.0,0.0,2,2017,106,2457860,0.0,3.0,0.0,397.75
18524,40.860325,-73.878471,26,NY,1208,Malus,spp.,apple,Plantae,467,Early season leaf expansion,2,2017,109,2457863,0.0,109,109,109,3.0,0.0,2,2017,116,2457870,7.0,14.0,0.0,617.0
18524,40.860325,-73.878471,26,NY,1208,Malus,spp.,apple,Plantae,483,Leaves,2,2017,102,2457856,0.0,102,102,102,7.0,0.0,0,-9999,-9999,-9999,-9999.0,-9999.0,-9999.0,516.25
18524,40.860325,-73.878471,26,NY,1208,Malus,spp.,apple,Plantae,500,Flowers or flower buds,2,2017,106,2457860,0.0,106,106,106,4.0,0.0,2,2017,109,2457863,0.0,14.0,0.0,574.0
18524,40.860325,-73.878471,26,NY,1208,Malus,spp.,apple,Plantae,501,Open flowers,2,2017,106,2457860,0.0,106,106,106,4.0,0.0,2,2017,116,2457870,7.0,14.0,0.0,574.0
18524,40.860325,-73.878471,26,NY,1208,Malus,spp.,apple,Plantae,516,Fruits,2,2017,123,2457877,0.0,123,123,123,14.0,0.0,0,-9999,-9999,-9999,-9999.0,-9999.0,-9999.0,826.75
18525,40.86039,-73.878471,26,NY,1208,Malus,spp.,apple,Plantae,371,Breaking leaf buds,1,2017,92,2457846,-9999.0,92,92,92,10.0,-9999.0,1,2017,229,2457983,-9999.0,7.0,-9999.0,397.75
18525,40.86039,-73.878471,26,NY,1208,Malus,spp.,apple,Plantae,467,Early season leaf expansion,1,2017,103,2457857,-9999.0,103,103,103,1.0,-9999.0,1,2017,228,2457982,-9999.0,1.0,-9999.0,530.25
18525,40.86039,-73.878471,26,NY,1208,Malus,spp.,apple,Plantae,471,Falling leaves,1,2017,165,2457919,-9999.0,165,165,165,5.0,-9999.0,1,2017,298,2458052,-9999.0,6.0,-9999.0,1548.0
18525,40.86039,-73.878471,26,NY,1208,Malus,spp.,apple,Plantae,483,Leaves,1,2017,102,2457856,-9999.0,102,102,102,7.0,-9999.0,1,2017,304,2458058,-9999.0,11.0,-9999.0,516.25
18525,40.86039,-73.878471,26,NY,1208,Malus,spp.,apple,Plantae,498,Colored leaves,1,2017,165,2457919,-9999.0,165,165,165,5.0,-9999.0,1,2017,304,2458058,-9999.0,11.0,-9999.0,1548.0
18525,40.86039,-73.878471,26,NY,1208,Malus,spp.,apple,Plantae,500,Flowers or flower buds,1,2017,103,2457857,-9999.0,103,103,103,1.0,-9999.0,1,2017,123,2457877,-9999.0,8.0,-9999.0,530.25
18525,40.86039,-73.878471,26,NY,1208,Malus,spp.,apple,Plantae,501,Open flowers,1,2017,110,2457864,-9999.0,110,110,110,1.0,-9999.0,1,2017,123,2457877,-9999.0,8.0,-9999.0,630.0
18525,40.86039,-73.878471,26,NY,1208,Malus,spp.,apple,Plantae,504,Recent fruit or seed drop,1,2017,298,2458052,-9999.0,298,298,298,5.0,-9999.0,0,-9999,-9999,-9999,-9999.0,-9999.0,-9999.0,4464.0
18525,40.86039,-73.878471,26,NY,1208,Malus,spp.,apple,Plantae,516,Fruits,1,2017,137,2457891,-9999.0,137,137,137,6.0,-9999.0,0,-9999,-9999,-9999,-9999.0,-9999.0,-9999.0,1015.25
19164,35.639633,-105.96991,2075,NM,1208,Malus,spp.,apple,Plantae,371,Breaking leaf buds,1,2017,74,2457828,-9999.0,74,74,74,5.0,-9999.0,1,2017,102,2457856,-9999.0,8.0,-9999.0,286.75
19164,35.639633,-105.96991,2075,NM,1208,Malus,spp.,apple,Plantae,467,Early season leaf expansion,1,2017,82,2457836,-9999.0,82,82,82,5.0,-9999.0,0,-9999,-9999,-9999,-9999.0,-9999.0,-9999.0,387.0
19164,35.639633,-105.96991,2075,NM,1208,Malus,spp.,apple,Plantae,471,Falling leaves,1,2017,82,2457836,-9999.0,82,82,82,5.0,-9999.0,1,2017,82,2457836,-9999.0,7.0,-9999.0,387.0
19164,35.639633,-105.96991,2075,NM,1208,Malus,spp.,apple,Plantae,483,Leaves,1,2017,82,2457836,-9999.0,82,82,82,5.0,-9999.0,0,-9999,-9999,-9999,-9999.0,-9999.0,-9999.0,387.0
19164,35.639633,-105.96991,2075,NM,1208,Malus,spp.,apple,Plantae,500,Flowers or flower buds,1,2017,77,2457831,-9999.0,77,77,77,3.0,-9999.0,1,2017,110,2457864,-9999.0,7.0,-9999.0,322.25
19164,35.639633,-105.96991,2075,NM,1208,Malus,spp.,apple,Plantae,501,Open flowers,1,2017,96,2457850,-9999.0,96,96,96,7.0,-9999.0,1,2017,110,2457864,-9999.0,7.0,-9999.0,474.5
19164,35.639633,-105.96991,2075,NM,1208,Malus,spp.,apple,Plantae,516,Fruits,1,2017,110,2457864,-9999.0,110,110,110,8.0,-9999.0,0,-9999,-9999,-9999,-9999.0,-9999.0,-9999.0,642.25
20300,44.990288,-93.131744,273,MN,1208,Malus,spp.,apple,Plantae,500,Flowers or flower buds,1,2017,92,2457846,-9999.0,92,92,92,25.0,-9999.0,1,2017,92,2457846,-9999.0,5.0,-9999.0,151.0
20702,44.284657,-73.982742,559,NY,1208,Malus,spp.,apple,Plantae,371,Breaking leaf buds,5,2017,119,2457873,0.97979589711327,117,121,117,4.4,0.24494897427832,5,2017,132,2457886,0.0,6.0,0.0,243.25
20702,44.284657,-73.982742,559,NY,1208,Malus,spp.,apple,Plantae,467,Early season leaf expansion,1,2017,132,2457886,-9999.0,132,132,132,7.0,-9999.0,1,2017,132,2457886,-9999.0,6.0,-9999.0,330.5
20702,44.284657,-73.982742,559,NY,1208,Malus,spp.,apple,Plantae,471,Falling leaves,3,2017,261,2458015,0.33333333333333,261,262,261,2.3333333333333,0.66666666666667,1,2017,265,2458019,-9999.0,5.0,-9999.0,2316.0
20702,44.284657,-73.982742,559,NY,1208,Malus,spp.,apple,Plantae,483,Leaves,5,2017,124,2457878,3.4,121,138,121,4.4,0.4,4,2017,157,2457911,34.929393066585,5.75,1.0307764064044,288.95
20702,44.284657,-73.982742,559,NY,1208,Malus,spp.,apple,Plantae,498,Colored leaves,2,2017,261,2458015,0.0,261,261,261,3.0,0.0,0,-9999,-9999,-9999,-9999.0,-9999.0,-9999.0,2309.75
22221,42.275463,-73.59787,265,NY,1208,Malus,spp.,apple,Plantae,371,Breaking leaf buds,2,2017,101,2457855,0.0,101,101,101,14.0,0.0,2,2017,114,2457868,0.0,8.0,0.0,218.75
22221,42.275463,-73.59787,265,NY,1208,Malus,spp.,apple,Plantae,390,Ripe fruits,2,2017,222,2457976,0.0,222,222,222,6.0,0.0,2,2017,319,2458073,0.0,12.0,0.0,2247.75
22221,42.275463,-73.59787,265,NY,1208,Malus,spp.,apple,Plantae,467,Early season leaf expansion,2,2017,111,2457865,3.5,107,114,111,6.5,0.5,0,-9999,-9999,-9999,-9999.0,-9999.0,-9999.0,325.875
22221,42.275463,-73.59787,265,NY,1208,Malus,spp.,apple,Plantae,471,Falling leaves,1,2017,292,2458046,-9999.0,292,292,292,7.0,-9999.0,2,2017,319,2458073,0.0,12.0,0.0,3430.75
22221,42.275463,-73.59787,265,NY,1208,Malus,spp.,apple,Plantae,483,Leaves,2,2017,111,2457865,3.5,107,114,111,6.5,0.5,2,2017,319,2458073,0.0,12.0,0.0,325.875
22221,42.275463,-73.59787,265,NY,1208,Malus,spp.,apple,Plantae,498,Colored leaves,0,-9999,-9999,-9999,-9999.0,-9999,-9999,-9999,-9999.0,-9999.0,2,2017,319,2458073,0.0,12.0,0.0,-9999.0
22221,42.275463,-73.59787,265,NY,1208,Malus,spp.,apple,Plantae,500,Flowers or flower buds,2,2017,114,2457868,0.0,114,114,114,7.0,0.0,2,2017,136,2457890,0.0,7.0,0.0,360.25
22221,42.275463,-73.59787,265,NY,1208,Malus,spp.,apple,Plantae,501,Open flowers,2,2017,122,2457876,0.0,122,122,122,8.0,0.0,2,2017,136,2457890,0.0,7.0,0.0,474.75
22221,42.275463,-73.59787,265,NY,1208,Malus,spp.,apple,Plantae,504,Recent fruit or seed drop,2,2017,226,2457980,3.5,222,229,226,6.5,0.5,1,2017,313,2458067,-9999.0,18.0,-9999.0,2317.875
22221,42.275463,-73.59787,265,NY,1208,Malus,spp.,apple,Plantae,516,Fruits,2,2017,143,2457897,0.0,143,143,143,7.0,0.0,2,2017,319,2458073,0.0,12.0,0.0,728.5
23294,45.919209,-89.250771,495,WI,1208,Malus,spp.,apple,Plantae,371,Breaking leaf buds,1,2017,137,2457891,-9999.0,137,137,137,14.0,-9999.0,0,-9999,-9999,-9999,-9999.0,-9999.0,-9999.0,362.75
23294,45.919209,-89.250771,495,WI,1208,Malus,spp.,apple,Plantae,467,Early season leaf expansion,1,2017,137,2457891,-9999.0,137,137,137,14.0,-9999.0,0,-9999,-9999,-9999,-9999.0,-9999.0,-9999.0,362.75
23294,45.919209,-89.250771,495,WI,1208,Malus,spp.,apple,Plantae,483,Leaves,1,2017,137,2457891,-9999.0,137,137,137,14.0,-9999.0,0,-9999,-9999,-9999,-9999.0,-9999.0,-9999.0,362.75
23294,45.919209,-89.250771,495,WI,1208,Malus,spp.,apple,Plantae,500,Flowers or flower buds,1,2017,137,2457891,-9999.0,137,137,137,14.0,-9999.0,0,-9999,-9999,-9999,-9999.0,-9999.0,-9999.0,362.75
25305,48.447235,-122.598061,55,WA,1208,Malus,spp.,apple,Plantae,467,Early season leaf expansion,1,2017,95,2457849,-9999.0,95,95,95,13.0,-9999.0,0,-9999,-9999,-9999,-9999.0,-9999.0,-9999.0,498.5
25305,48.447235,-122.598061,55,WA,1208,Malus,spp.,apple,Plantae,483,Leaves,1,2017,95,2457849,-9999.0,95,95,95,13.0,-9999.0,0,-9999,-9999,-9999,-9999.0,-9999.0,-9999.0,498.5
25305,48.447235,-122.598061,55,WA,1208,Malus,spp.,apple,Plantae,500,Flowers or flower buds,1,2017,95,2457849,-9999.0,95,95,95,13.0,-9999.0,0,-9999,-9999,-9999,-9999.0,-9999.0,-9999.0,498.5
25556,40.777012,-74.604317,151,NJ,1208,Malus,spp.,apple,Plantae,371,Breaking leaf buds,2,2017,100,2457854,6.5,93,106,100,15.0,8.0,0,-9999,-9999,-9999,-9999.0,-9999.0,-9999.0,352.0
25556,40.777012,-74.604317,151,NJ,1208,Malus,spp.,apple,Plantae,467,Early season leaf expansion,2,2017,106,2457860,0.0,106,106,106,7.0,0.0,0,-9999,-9999,-9999,-9999.0,-9999.0,-9999.0,425.75
25556,40.777012,-74.604317,151,NJ,1208,Malus,spp.,apple,Plantae,483,Leaves,2,2017,106,2457860,0.0,106,106,106,7.0,0.0,0,-9999,-9999,-9999,-9999.0,-9999.0,-9999.0,425.75
25556,40.777012,-74.604317,151,NJ,1208,Malus,spp.,apple,Plantae,500,Flowers or flower buds,2,2017,100,2457854,6.5,93,106,100,15.0,8.0,1,2017,93,2457847,-9999.0,6.0,-9999.0,352.0
25556,40.777012,-74.604317,151,NJ,1208,Malus,spp.,apple,Plantae,501,Open flowers,1,2017,106,2457860,-9999.0,106,106,106,7.0,-9999.0,0,-9999,-9999,-9999,-9999.0,-9999.0,-9999.0,425.75
25556,40.777012,-74.604317,151,NJ,1208,Malus,spp.,apple,Plantae,504,Recent fruit or seed drop,1,2017,93,2457847,-9999.0,93,93,93,23.0,-9999.0,1,2017,93,2457847,-9999.0,6.0,-9999.0,278.25
25556,40.777012,-74.604317,151,NJ,1208,Malus,spp.,apple,Plantae,516,Fruits,1,2017,93,2457847,-9999.0,93,93,93,23.0,-9999.0,1,2017,99,2457853,-9999.0,7.0,-9999.0,278.25
25565,43.34066,-83.164528,256,MI,1208,Malus,spp.,apple,Plantae,371,Breaking leaf buds,1,2017,77,2457831,-9999.0,77,77,77,4.0,-9999.0,1,2017,116,2457870,-9999.0,5.0,-9999.0,121.75
25565,43.34066,-83.164528,256,MI,1208,Malus,spp.,apple,Plantae,390,Ripe fruits,1,2017,242,2457996,-9999.0,242,242,242,13.0,-9999.0,0,-9999,-9999,-9999,-9999.0,-9999.0,-9999.0,2623.75
25565,43.34066,-83.164528,256,MI,1208,Malus,spp.,apple,Plantae,467,Early season leaf expansion,1,2017,107,2457861,-9999.0,107,107,107,7.0,-9999.0,1,2017,166,2457920,-9999.0,13.0,-9999.0,308.25
25565,43.34066,-83.164528,256,MI,1208,Malus,spp.,apple,Plantae,471,Falling leaves,1,2017,309,2458063,-9999.0,309,309,309,8.0,-9999.0,0,-9999,-9999,-9999,-9999.0,-9999.0,-9999.0,3570.5
25565,43.34066,-83.164528,256,MI,1208,Malus,spp.,apple,Plantae,483,Leaves,1,2017,107,2457861,-9999.0,107,107,107,7.0,-9999.0,1,2017,301,2458055,-9999.0,8.0,-9999.0,308.25
25565,43.34066,-83.164528,256,MI,1208,Malus,spp.,apple,Plantae,498,Colored leaves,1,2017,285,2458039,-9999.0,285,285,285,13.0,-9999.0,0,-9999,-9999,-9999,-9999.0,-9999.0,-9999.0,3346.25
25565,43.34066,-83.164528,256,MI,1208,Malus,spp.,apple,Plantae,500,Flowers or flower buds,1,2017,95,2457849,-9999.0,95,95,95,9.0,-9999.0,1,2017,137,2457891,-9999.0,7.0,-9999.0,200.0
25565,43.34066,-83.164528,256,MI,1208,Malus,spp.,apple,Plantae,501,Open flowers,1,2017,116,2457870,-9999.0,116,116,116,6.0,-9999.0,1,2017,137,2457891,-9999.0,7.0,-9999.0,398.75
25565,43.34066,-83.164528,256,MI,1208,Malus,spp.,apple,Plantae,504,Recent fruit or seed drop,1,2017,229,2457983,-9999.0,229,229,229,11.0,-9999.0,0,-9999,-9999,-9999,-9999.0,-9999.0,-9999.0,2388.0
25565,43.34066,-83.164528,256,MI,1208,Malus,spp.,apple,Plantae,516,Fruits,1,2017,144,2457898,-9999.0,144,144,144,7.0,-9999.0,1,2017,301,2458055,-9999.0,8.0,-9999.0,722.25
25871,43.23539,-78.48938,135,NY,1208,Malus,spp.,apple,Plantae,371,Breaking leaf buds,1,2017,106,2457860,-9999.0,106,106,106,5.0,-9999.0,1,2017,128,2457882,-9999.0,18.0,-9999.0,392.75
25871,43.23539,-78.48938,135,NY,1208,Malus,spp.,apple,Plantae,390,Ripe fruits,1,2017,283,2458037,-9999.0,283,283,283,19.0,-9999.0,0,-9999,-9999,-9999,-9999.0,-9999.0,-9999.0,3598.5
25871,43.23539,-78.48938,135,NY,1208,Malus,spp.,apple,Plantae,467,Early season leaf expansion,1,2017,128,2457882,-9999.0,128,128,128,15.0,-9999.0,1,2017,137,2457891,-9999.0,9.0,-9999.0,620.75
25871,43.23539,-78.48938,135,NY,1208,Malus,spp.,apple,Plantae,483,Leaves,1,2017,112,2457866,-9999.0,112,112,112,6.0,-9999.0,1,2017,128,2457882,-9999.0,18.0,-9999.0,451.0
25871,43.23539,-78.48938,135,NY,1208,Malus,spp.,apple,Plantae,498,Colored leaves,1,2017,283,2458037,-9999.0,283,283,283,19.0,-9999.0,0,-9999,-9999,-9999,-9999.0,-9999.0,-9999.0,3598.5
25871,43.23539,-78.48938,135,NY,1208,Malus,spp.,apple,Plantae,500,Flowers or flower buds,1,2017,116,2457870,-9999.0,116,116,116,3.0,-9999.0,1,2017,137,2457891,-9999.0,9.0,-9999.0,496.0
25871,43.23539,-78.48938,135,NY,1208,Malus,spp.,apple,Plantae,501,Open flowers,1,2017,128,2457882,-9999.0,128,128,128,15.0,-9999.0,0,-9999,-9999,-9999,-9999.0,-9999.0,-9999.0,620.75
25871,43.23539,-78.48938,135,NY,1208,Malus,spp.,apple,Plantae,504,Recent fruit or seed drop,1,2017,283,2458037,-9999.0,283,283,283,19.0,-9999.0,0,-9999,-9999,-9999,-9999.0,-9999.0,-9999.0,3598.5
26008,41.842262,-123.19278,707,CA,1208,Malus,spp.,apple,Plantae,371,Breaking leaf buds,1,2017,81,2457835,-9999.0,81,81,81,8.0,-9999.0,1,2017,110,2457864,-9999.0,19.0,-9999.0,500.75
26008,41.842262,-123.19278,707,CA,1208,Malus,spp.,apple,Plantae,467,Early season leaf expansion,1,2017,89,2457843,-9999.0,89,89,89,8.0,-9999.0,0,-9999,-9999,-9999,-9999.0,-9999.0,-9999.0,573.75
26008,41.842262,-123.19278,707,CA,1208,Malus,spp.,apple,Plantae,483,Leaves,1,2017,81,2457835,-9999.0,81,81,81,8.0,-9999.0,0,-9999,-9999,-9999,-9999.0,-9999.0,-9999.0,500.75
26008,41.842262,-123.19278,707,CA,1208,Malus,spp.,apple,Plantae,500,Flowers or flower buds,1,2017,89,2457843,-9999.0,89,89,89,8.0,-9999.0,1,2017,110,2457864,-9999.0,19.0,-9999.0,573.75
26008,41.842262,-123.19278,707,CA,1208,Malus,spp.,apple,Plantae,501,Open flowers,1,2017,110,2457864,-9999.0,110,110,110,16.0,-9999.0,1,2017,110,2457864,-9999.0,19.0,-9999.0,785.5
26008,41.842262,-123.19278,707,CA,1208,Malus,spp.,apple,Plantae,516,Fruits,1,2017,129,2457883,-9999.0,129,129,129,19.0,-9999.0,0,-9999,-9999,-9999,-9999.0,-9999.0,-9999.0,1050.25
26609,42.452244,-73.381676,301,NY,1208,Malus,spp.,apple,Plantae,371,Breaking leaf buds,0,-9999,-9999,-9999,-9999.0,-9999,-9999,-9999,-9999.0,-9999.0,2,2017,116,2457870,1.5,3.5,0.5,-9999.0
26609,42.452244,-73.381676,301,NY,1208,Malus,spp.,apple,Plantae,467,Early season leaf expansion,2,2017,110,2457864,0.0,110,110,110,4.0,1.0,0,-9999,-9999,-9999,-9999.0,-9999.0,-9999.0,282.25
26609,42.452244,-73.381676,301,NY,1208,Malus,spp.,apple,Plantae,483,Leaves,2,2017,110,2457864,0.0,110,110,110,4.0,1.0,0,-9999,-9999,-9999,-9999.0,-9999.0,-9999.0,282.25
26609,42.452244,-73.381676,301,NY,1208,Malus,spp.,apple,Plantae,500,Flowers or flower buds,2,2017,110,2457864,0.0,110,110,110,4.0,1.0,0,-9999,-9999,-9999,-9999.0,-9999.0,-9999.0,282.25
26609,42.452244,-73.381676,301,NY,1208,Malus,spp.,apple,Plantae,501,Open flowers,2,2017,121,2457875,0.0,121,121,121,4.0,0.0,0,-9999,-9999,-9999,-9999.0,-9999.0,-9999.0,414.75
26742,40.585384,-75.521538,123,PA,1208,Malus,spp.,apple,Plantae,371,Breaking leaf buds,0,-9999,-9999,-9999,-9999.0,-9999,-9999,-9999,-9999.0,-9999.0,1,2017,137,2457891,-9999.0,19.0,-9999.0,-9999.0
26742,40.585384,-75.521538,123,PA,1208,Malus,spp.,apple,Plantae,467,Early season leaf expansion,0,-9999,-9999,-9999,-9999.0,-9999,-9999,-9999,-9999.0,-9999.0,1,2017,156,2457910,-9999.0,2.0,-9999.0,-9999.0
26742,40.585384,-75.521538,123,PA,1208,Malus,spp.,apple,Plantae,471,Falling leaves,1,2017,164,2457918,-9999.0,164,164,164,6.0,-9999.0,0,-9999,-9999,-9999,-9999.0,-9999.0,-9999.0,1399.0
27104,35.092339,-106.666016,1518,NM,1208,Malus,spp.,apple,Plantae,390,Ripe fruits,1,2017,193,2457947,-9999.0,193,193,193,21.0,-9999.0,1,2017,262,2458016,-9999.0,7.0,-9999.0,2765.75
27104,35.092339,-106.666016,1518,NM,1208,Malus,spp.,apple,Plantae,471,Falling leaves,1,2017,318,2458072,-9999.0,318,318,318,11.0,-9999.0,0,-9999,-9999,-9999,-9999.0,-9999.0,-9999.0,5281.75
27104,35.092339,-106.666016,1518,NM,1208,Malus,spp.,apple,Plantae,498,Colored leaves,1,2017,307,2458061,-9999.0,307,307,307,4.0,-9999.0,0,-9999,-9999,-9999,-9999.0,-9999.0,-9999.0,5149.25
27104,35.092339,-106.666016,1518,NM,1208,Malus,spp.,apple,Plantae,500,Flowers or flower buds,1,2017,193,2457947,-9999.0,193,193,193,21.0,-9999.0,0,-9999,-9999,-9999,-9999.0,-9999.0,-9999.0,2765.75
27104,35.092339,-106.666016,1518,NM,1208,Malus,spp.,apple,Plantae,504,Recent fruit or seed drop,1,2017,193,2457947,-9999.0,193,193,193,21.0,-9999.0,1,2017,262,2458016,-9999.0,7.0,-9999.0,2765.75
27104,35.092339,-106.666016,1518,NM,1208,Malus,spp.,apple,Plantae,516,Fruits,1,2017,261,2458015,-9999.0,261,261,261,5.0,-9999.0,1,2017,262,2458016,-9999.0,7.0,-9999.0,4441.75
27446,34.060001,-118.136002,114,CA,1208,Malus,spp.,apple,Plantae,371,Breaking leaf buds,1,2017,277,2458031,-9999.0,277,277,277,6.0,-9999.0,0,-9999,-9999,-9999,-9999.0,-9999.0,-9999.0,5572.75
27446,34.060001,-118.136002,114,CA,1208,Malus,spp.,apple,Plantae,390,Ripe fruits,1,2017,244,2457998,-9999.0,244,244,244,9.0,-9999.0,1,2017,250,2458004,-9999.0,6.0,-9999.0,4803.5
27446,34.060001,-118.136002,114,CA,1208,Malus,spp.,apple,Plantae,467,Early season leaf expansion,2,2017,250,2458004,27.5,222,277,250,5.0,1.0,1,2017,222,2457976,-9999.0,6.0,-9999.0,4912.75
27446,34.060001,-118.136002,114,CA,1208,Malus,spp.,apple,Plantae,498,Colored leaves,1,2017,214,2457968,-9999.0,214,214,214,6.0,-9999.0,1,2017,222,2457976,-9999.0,6.0,-9999.0,4048.25
27446,34.060001,-118.136002,114,CA,1208,Malus,spp.,apple,Plantae,516,Fruits,1,2017,244,2457998,-9999.0,244,244,244,9.0,-9999.0,1,2017,250,2458004,-9999.0,6.0,-9999.0,4803.5
27847,40.303555,-121.005432,1555,CA,1208,Malus,spp.,apple,Plantae,390,Ripe fruits,1,2017,281,2458035,-9999.0,281,281,281,21.0,-9999.0,1,2017,351,2458105,-9999.0,6.0,-9999.0,3200.25
27847,40.303555,-121.005432,1555,CA,1208,Malus,spp.,apple,Plantae,471,Falling leaves,1,2017,281,2458035,-9999.0,281,281,281,21.0,-9999.0,1,2017,351,2458105,-9999.0,6.0,-9999.0,3200.25
27847,40.303555,-121.005432,1555,CA,1208,Malus,spp.,apple,Plantae,483,Leaves,0,-9999,-9999,-9999,-9999.0,-9999,-9999,-9999,-9999.0,-9999.0,1,2017,351,2458105,-9999.0,6.0,-9999.0,-9999.0
27847,40.303555,-121.005432,1555,CA,1208,Malus,spp.,apple,Plantae,504,Recent fruit or seed drop,0,-9999,-9999,-9999,-9999.0,-9999,-9999,-9999,-9999.0,-9999.0,1,2017,331,2458085,-9999.0,11.0,-9999.0,-9999.0
27847,40.303555,-121.005432,1555,CA,1208,Malus,spp.,apple,Plantae,516,Fruits,0,-9999,-9999,-9999,-9999.0,-9999,-9999,-9999,-9999.0,-9999.0,1,2017,351,2458105,-9999.0,6.0,-9999.0,-9999.0
5261,42.448402,-72.345314,270,MA,1208,Malus,spp.,apple,Plantae,371,Breaking leaf buds,1,2018,125,2458244,-9999.0,125,125,125,9.0,-9999.0,1,2018,125,2458244,-9999.0,4.0,-9999.0,336.75
5261,42.448402,-72.345314,270,MA,1208,Malus,spp.,apple,Plantae,467,Early season leaf expansion,1,2018,125,2458244,-9999.0,125,125,125,9.0,-9999.0,1,2018,148,2458267,-9999.0,11.0,-9999.0,336.75
5261,42.448402,-72.345314,270,MA,1208,Malus,spp.,apple,Plantae,471,Falling leaves,1,2018,140,2458259,-9999.0,140,140,140,9.0,-9999.0,1,2018,140,2458259,-9999.0,8.0,-9999.0,551.75
5261,42.448402,-72.345314,270,MA,1208,Malus,spp.,apple,Plantae,483,Leaves,1,2018,125,2458244,-9999.0,125,125,125,9.0,-9999.0,0,-9999,-9999,-9999,-9999.0,-9999.0,-9999.0,336.75
5261,42.448402,-72.345314,270,MA,1208,Malus,spp.,apple,Plantae,498,Colored leaves,1,2018,283,2458402,-9999.0,283,283,283,10.0,-9999.0,0,-9999,-9999,-9999,-9999.0,-9999.0,-9999.0,3345.75
5261,42.448402,-72.345314,270,MA,1208,Malus,spp.,apple,Plantae,500,Flowers or flower buds,1,2018,113,2458232,-9999.0,113,113,113,3.0,-9999.0,1,2018,140,2458259,-9999.0,8.0,-9999.0,186.5
5261,42.448402,-72.345314,270,MA,1208,Malus,spp.,apple,Plantae,501,Open flowers,1,2018,129,2458248,-9999.0,129,129,129,4.0,-9999.0,1,2018,140,2458259,-9999.0,8.0,-9999.0,392.5
5261,42.448402,-72.345314,270,MA,1208,Malus,spp.,apple,Plantae,516,Fruits,1,2018,173,2458292,-9999.0,173,173,173,10.0,-9999.0,1,2018,180,2458299,-9999.0,21.0,-9999.0,1128.75
9927,39.498241,-104.89093,1921,CO,1208,Malus,spp.,apple,Plantae,516,Fruits,1,2018,138,2458257,-9999.0,138,138,138,12.0,-9999.0,0,-9999,-9999,-9999,-9999.0,-9999.0,-9999.0,763.25
16610,37.991367,-122.132027,79,CA,1208,Malus,spp.,apple,Plantae,371,Breaking leaf buds,2,2018,87,2458206,0.0,87,87,87,6.0,0.0,2,2018,208,2458327,33.5,17.0,11.0,976.25
16610,37.991367,-122.132027,79,CA,1208,Malus,spp.,apple,Plantae,390,Ripe fruits,1,2018,202,2458321,-9999.0,202,202,202,2.0,-9999.0,1,2018,241,2458360,-9999.0,28.0,-9999.0,3051.5
16610,37.991367,-122.132027,79,CA,1208,Malus,spp.,apple,Plantae,467,Early season leaf expansion,2,2018,94,2458213,0.0,94,94,94,6.0,0.0,2,2018,239,2458358,38.5,6.5,4.5,1095.5
16610,37.991367,-122.132027,79,CA,1208,Malus,spp.,apple,Plantae,471,Falling leaves,2,2018,174,2458293,163.0,11,337,174,3.5,1.5,2,2018,318,2458437,19.5,3.5,2.5,2839.5
16610,37.991367,-122.132027,79,CA,1208,Malus,spp.,apple,Plantae,483,Leaves,2,2018,94,2458213,0.0,94,94,94,6.0,0.0,0,-9999,-9999,-9999,-9999.0,-9999.0,-9999.0,1095.5
16610,37.991367,-122.132027,79,CA,1208,Malus,spp.,apple,Plantae,498,Colored leaves,2,2018,157,2458276,0.0,157,157,157,1.0,0.0,2,2018,224,2458343,16.5,3.0,2.0,2107.0
16610,37.991367,-122.132027,79,CA,1208,Malus,spp.,apple,Plantae,500,Flowers or flower buds,1,2018,100,2458219,-9999.0,100,100,100,5.0,-9999.0,1,2018,144,2458263,-9999.0,5.0,-9999.0,1183.75
16610,37.991367,-122.132027,79,CA,1208,Malus,spp.,apple,Plantae,501,Open flowers,1,2018,100,2458219,-9999.0,100,100,100,5.0,-9999.0,1,2018,143,2458262,-9999.0,1.0,-9999.0,1183.75
16610,37.991367,-122.132027,79,CA,1208,Malus,spp.,apple,Plantae,504,Recent fruit or seed drop,1,2018,174,2458293,-9999.0,174,174,174,8.0,-9999.0,1,2018,311,2458430,-9999.0,21.0,-9999.0,2447.25
16610,37.991367,-122.132027,79,CA,1208,Malus,spp.,apple,Plantae,516,Fruits,1,2018,136,2458255,-9999.0,136,136,136,6.0,-9999.0,1,2018,241,2458360,-9999.0,28.0,-9999.0,1734.25
18525,40.86039,-73.878471,26,NY,1208,Malus,spp.,apple,Plantae,371,Breaking leaf buds,1,2018,90,2458209,-9999.0,90,90,90,4.0,-9999.0,1,2018,276,2458395,-9999.0,8.0,-9999.0,310.25
18525,40.86039,-73.878471,26,NY,1208,Malus,spp.,apple,Plantae,390,Ripe fruits,1,2018,298,2458417,-9999.0,298,298,298,7.0,-9999.0,1,2018,298,2458417,-9999.0,8.0,-9999.0,4373.5
18525,40.86039,-73.878471,26,NY,1208,Malus,spp.,apple,Plantae,467,Early season leaf expansion,1,2018,108,2458227,-9999.0,108,108,108,1.0,-9999.0,1,2018,298,2458417,-9999.0,8.0,-9999.0,439.0
18525,40.86039,-73.878471,26,NY,1208,Malus,spp.,apple,Plantae,471,Falling leaves,1,2018,247,2458366,-9999.0,247,247,247,2.0,-9999.0,1,2018,311,2458430,-9999.0,8.0,-9999.0,3461.0
18525,40.86039,-73.878471,26,NY,1208,Malus,spp.,apple,Plantae,483,Leaves,1,2018,102,2458221,-9999.0,102,102,102,8.0,-9999.0,1,2018,306,2458425,-9999.0,5.0,-9999.0,377.25
18525,40.86039,-73.878471,26,NY,1208,Malus,spp.,apple,Plantae,498,Colored leaves,1,2018,247,2458366,-9999.0,247,247,247,2.0,-9999.0,1,2018,247,2458366,-9999.0,2.0,-9999.0,3461.0
18525,40.86039,-73.878471,26,NY,1208,Malus,spp.,apple,Plantae,500,Flowers or flower buds,1,2018,114,2458233,-9999.0,114,114,114,6.0,-9999.0,1,2018,143,2458262,-9999.0,2.0,-9999.0,493.0
18525,40.86039,-73.878471,26,NY,1208,Malus,spp.,apple,Plantae,501,Open flowers,1,2018,129,2458248,-9999.0,129,129,129,7.0,-9999.0,1,2018,143,2458262,-9999.0,2.0,-9999.0,738.5
18525,40.86039,-73.878471,26,NY,1208,Malus,spp.,apple,Plantae,504,Recent fruit or seed drop,1,2018,291,2458410,-9999.0,291,291,291,7.0,-9999.0,0,-9999,-9999,-9999,-9999.0,-9999.0,-9999.0,4309.0
18525,40.86039,-73.878471,26,NY,1208,Malus,spp.,apple,Plantae,516,Fruits,1,2018,141,2458260,-9999.0,141,141,141,2.0,-9999.0,1,2018,141,2458260,-9999.0,2.0,-9999.0,935.25
20702,44.284657,-73.982742,559,NY,1208,Malus,spp.,apple,Plantae,371,Breaking leaf buds,0,-9999,-9999,-9999,-9999.0,-9999,-9999,-9999,-9999.0,-9999.0,4,2018,127,2458246,0.0,7.0,0.0,-9999.0
20702,44.284657,-73.982742,559,NY,1208,Malus,spp.,apple,Plantae,471,Falling leaves,3,2018,291,2458410,0.0,291,291,291,17.0,0.0,0,-9999,-9999,-9999,-9999.0,-9999.0,-9999.0,2706.25
20702,44.284657,-73.982742,559,NY,1208,Malus,spp.,apple,Plantae,483,Leaves,4,2018,134,2458253,0.0,134,134,134,7.0,0.0,0,-9999,-9999,-9999,-9999.0,-9999.0,-9999.0,237.25
20702,44.284657,-73.982742,559,NY,1208,Malus,spp.,apple,Plantae,498,Colored leaves,4,2018,267,2458386,4.0414518843274,260,274,267,5.0,0.57735026918963,0,-9999,-9999,-9999,-9999.0,-9999.0,-9999.0,2482.125
20702,44.284657,-73.982742,559,NY,1208,Malus,spp.,apple,Plantae,500,Flowers or flower buds,3,2018,137,2458256,0.0,137,137,137,3.0,0.0,0,-9999,-9999,-9999,-9999.0,-9999.0,-9999.0,274.0
22221,42.275463,-73.59787,265,NY,1208,Malus,spp.,apple,Plantae,371,Breaking leaf buds,2,2018,114,2458233,0.0,114,114,114,4.0,0.0,2,2018,129,2458248,1.5,3.5,0.5,200.5
22221,42.275463,-73.59787,265,NY,1208,Malus,spp.,apple,Plantae,390,Ripe fruits,2,2018,225,2458344,3.5,221,228,225,24.5,3.5,2,2018,249,2458368,21.0,12.5,5.5,2286.75
22221,42.275463,-73.59787,265,NY,1208,Malus,spp.,apple,Plantae,467,Early season leaf expansion,2,2018,123,2458242,0.0,123,123,123,2.0,0.0,2,2018,158,2458277,0.0,10.5,3.5,298.25
22221,42.275463,-73.59787,265,NY,1208,Malus,spp.,apple,Plantae,471,Falling leaves,2,2018,206,2458325,6.0,200,212,206,9.5,2.5,1,2018,270,2458389,-9999.0,7.0,-9999.0,1863.375
22221,42.275463,-73.59787,265,NY,1208,Malus,spp.,apple,Plantae,483,Leaves,2,2018,123,2458242,0.0,123,123,123,2.0,0.0,1,2018,270,2458389,-9999.0,7.0,-9999.0,298.25
22221,42.275463,-73.59787,265,NY,1208,Malus,spp.,apple,Plantae,498,Colored leaves,2,2018,203,2458322,9.5,193,212,203,9.5,2.5,1,2018,270,2458389,-9999.0,7.0,-9999.0,1785.25
22221,42.275463,-73.59787,265,NY,1208,Malus,spp.,apple,Plantae,500,Flowers or flower buds,2,2018,127,2458246,0.0,127,127,127,4.0,0.0,2,2018,139,2458258,4.5,7.5,1.5,367.25
22221,42.275463,-73.59787,265,NY,1208,Malus,spp.,apple,Plantae,501,Open flowers,2,2018,134,2458253,0.0,134,134,134,4.0,0.0,2,2018,139,2458258,4.5,7.5,1.5,461.0
22221,42.275463,-73.59787,265,NY,1208,Malus,spp.,apple,Plantae,504,Recent fruit or seed drop,2,2018,212,2458331,0.0,212,212,212,12.0,0.0,2,2018,262,2458381,26.5,7.5,0.5,1995.5
22221,42.275463,-73.59787,265,NY,1208,Malus,spp.,apple,Plantae,516,Fruits,2,2018,158,2458277,0.0,158,158,158,9.0,0.0,2,2018,253,2458372,24.5,9.0,2.0,872.75
25524,33.761486,-84.277054,293,GA,1208,Malus,spp.,apple,Plantae,467,Early season leaf expansion,0,-9999,-9999,-9999,-9999.0,-9999,-9999,-9999,-9999.0,-9999.0,1,2018,276,2458395,-9999.0,1.0,-9999.0,-9999.0
25565,43.34066,-83.164528,256,MI,1208,Malus,spp.,apple,Plantae,371,Breaking leaf buds,1,2018,118,2458237,-9999.0,118,118,118,13.0,-9999.0,1,2018,137,2458256,-9999.0,6.0,-9999.0,185.25
25565,43.34066,-83.164528,256,MI,1208,Malus,spp.,apple,Plantae,390,Ripe fruits,1,2018,260,2458379,-9999.0,260,260,260,18.0,-9999.0,1,2018,293,2458412,-9999.0,22.0,-9999.0,2930.0
25565,43.34066,-83.164528,256,MI,1208,Malus,spp.,apple,Plantae,467,Early season leaf expansion,1,2018,127,2458246,-9999.0,127,127,127,9.0,-9999.0,1,2018,144,2458263,-9999.0,13.0,-9999.0,304.0
25565,43.34066,-83.164528,256,MI,1208,Malus,spp.,apple,Plantae,471,Falling leaves,1,2018,315,2458434,-9999.0,315,315,315,22.0,-9999.0,1,2018,315,2458434,-9999.0,17.0,-9999.0,3447.25
25565,43.34066,-83.164528,256,MI,1208,Malus,spp.,apple,Plantae,483,Leaves,1,2018,127,2458246,-9999.0,127,127,127,9.0,-9999.0,1,2018,293,2458412,-9999.0,22.0,-9999.0,304.0
25565,43.34066,-83.164528,256,MI,1208,Malus,spp.,apple,Plantae,498,Colored leaves,1,2018,276,2458395,-9999.0,276,276,276,16.0,-9999.0,1,2018,315,2458434,-9999.0,17.0,-9999.0,3163.0
25565,43.34066,-83.164528,256,MI,1208,Malus,spp.,apple,Plantae,500,Flowers or flower buds,1,2018,127,2458246,-9999.0,127,127,127,9.0,-9999.0,1,2018,144,2458263,-9999.0,13.0,-9999.0,304.0
25565,43.34066,-83.164528,256,MI,1208,Malus,spp.,apple,Plantae,501,Open flowers,1,2018,137,2458256,-9999.0,137,137,137,10.0,-9999.0,1,2018,144,2458263,-9999.0,13.0,-9999.0,436.25
25565,43.34066,-83.164528,256,MI,1208,Malus,spp.,apple,Plantae,504,Recent fruit or seed drop,1,2018,260,2458379,-9999.0,260,260,260,18.0,-9999.0,1,2018,293,2458412,-9999.0,22.0,-9999.0,2930.0
25565,43.34066,-83.164528,256,MI,1208,Malus,spp.,apple,Plantae,516,Fruits,1,2018,157,2458276,-9999.0,157,157,157,13.0,-9999.0,1,2018,293,2458412,-9999.0,22.0,-9999.0,794.0
25871,43.23539,-78.48938,135,NY,1208,Malus,spp.,apple,Plantae,371,Breaking leaf buds,1,2018,130,2458249,-9999.0,130,130,130,21.0,-9999.0,1,2018,130,2458249,-9999.0,10.0,-9999.0,449.75
25871,43.23539,-78.48938,135,NY,1208,Malus,spp.,apple,Plantae,467,Early season leaf expansion,1,2018,130,2458249,-9999.0,130,130,130,21.0,-9999.0,0,-9999,-9999,-9999,-9999.0,-9999.0,-9999.0,449.75
25871,43.23539,-78.48938,135,NY,1208,Malus,spp.,apple,Plantae,471,Falling leaves,1,2018,283,2458402,-9999.0,283,283,283,10.0,-9999.0,0,-9999,-9999,-9999,-9999.0,-9999.0,-9999.0,3656.25
25871,43.23539,-78.48938,135,NY,1208,Malus,spp.,apple,Plantae,483,Leaves,1,2018,140,2458259,-9999.0,140,140,140,10.0,-9999.0,0,-9999,-9999,-9999,-9999.0,-9999.0,-9999.0,599.0
25871,43.23539,-78.48938,135,NY,1208,Malus,spp.,apple,Plantae,498,Colored leaves,1,2018,283,2458402,-9999.0,283,283,283,10.0,-9999.0,0,-9999,-9999,-9999,-9999.0,-9999.0,-9999.0,3656.25
25871,43.23539,-78.48938,135,NY,1208,Malus,spp.,apple,Plantae,500,Flowers or flower buds,1,2018,130,2458249,-9999.0,130,130,130,21.0,-9999.0,1,2018,130,2458249,-9999.0,10.0,-9999.0,449.75
25871,43.23539,-78.48938,135,NY,1208,Malus,spp.,apple,Plantae,501,Open flowers,1,2018,140,2458259,-9999.0,140,140,140,10.0,-9999.0,0,-9999,-9999,-9999,-9999.0,-9999.0,-9999.0,599.0
25992,39.9361,-86.118439,242,IN,1208,Malus,spp.,apple,Plantae,371,Breaking leaf buds,3,2018,85,2458204,9.7695672598352,71,104,81,4.6666666666667,1.8559214542767,3,2018,122,2458241,1.4529663145136,4.0,1.5275252316519,250.68666666667
25992,39.9361,-86.118439,242,IN,1208,Malus,spp.,apple,Plantae,467,Early season leaf expansion,3,2018,117,2458236,1.6666666666667,115,120,115,7.0,1.0,3,2018,127,2458246,2.0,5.0,2.0,455.26
25992,39.9361,-86.118439,242,IN,1208,Malus,spp.,apple,Plantae,471,Falling leaves,3,2018,184,2458303,2.3333333333333,182,189,182,7.0,0.0,3,2018,189,2458308,0.0,20.0,0.0,1944.7266666667
25992,39.9361,-86.118439,242,IN,1208,Malus,spp.,apple,Plantae,483,Leaves,3,2018,114,2458233,3.7859388972002,107,120,115,5.0,1.7320508075689,0,-9999,-9999,-9999,-9999.0,-9999.0,-9999.0,429.48
25992,39.9361,-86.118439,242,IN,1208,Malus,spp.,apple,Plantae,498,Colored leaves,3,2018,161,2458280,5.6666666666667,150,167,167,14.666666666667,2.3333333333333,3,2018,177,2458296,5.0,5.0,2.0,1388.99
25992,39.9361,-86.118439,242,IN,1208,Malus,spp.,apple,Plantae,500,Flowers or flower buds,1,2018,115,2458234,-9999.0,115,115,115,8.0,-9999.0,1,2018,125,2458244,-9999.0,7.0,-9999.0,438.8
25992,39.9361,-86.118439,242,IN,1208,Malus,spp.,apple,Plantae,501,Open flowers,1,2018,125,2458244,-9999.0,125,125,125,3.0,-9999.0,1,2018,125,2458244,-9999.0,7.0,-9999.0,583.58
25992,39.9361,-86.118439,242,IN,1208,Malus,spp.,apple,Plantae,516,Fruits,1,2018,132,2458251,-9999.0,132,132,132,7.0,-9999.0,1,2018,150,2458269,-9999.0,17.0,-9999.0,718.6
27104,35.092339,-106.666016,1518,NM,1208,Malus,spp.,apple,Plantae,371,Breaking leaf buds,1,2018,93,2458212,-9999.0,93,93,93,20.0,-9999.0,1,2018,187,2458306,-9999.0,7.0,-9999.0,747.75
27104,35.092339,-106.666016,1518,NM,1208,Malus,spp.,apple,Plantae,467,Early season leaf expansion,1,2018,93,2458212,-9999.0,93,93,93,20.0,-9999.0,1,2018,187,2458306,-9999.0,7.0,-9999.0,747.75
27104,35.092339,-106.666016,1518,NM,1208,Malus,spp.,apple,Plantae,471,Falling leaves,0,-9999,-9999,-9999,-9999.0,-9999,-9999,-9999,-9999.0,-9999.0,1,2018,5,2458124,-9999.0,13.0,-9999.0,-9999.0
27104,35.092339,-106.666016,1518,NM,1208,Malus,spp.,apple,Plantae,483,Leaves,1,2018,93,2458212,-9999.0,93,93,93,20.0,-9999.0,0,-9999,-9999,-9999,-9999.0,-9999.0,-9999.0,747.75
27104,35.092339,-106.666016,1518,NM,1208,Malus,spp.,apple,Plantae,498,Colored leaves,1,2018,180,2458299,-9999.0,180,180,180,7.0,-9999.0,1,2018,180,2458299,-9999.0,7.0,-9999.0,2418.0
27104,35.092339,-106.666016,1518,NM,1208,Malus,spp.,apple,Plantae,500,Flowers or flower buds,0,-9999,-9999,-9999,-9999.0,-9999,-9999,-9999,-9999.0,-9999.0,1,2018,5,2458124,-9999.0,13.0,-9999.0,-9999.0
27847,40.303555,-121.005432,1555,CA,1208,Malus,spp.,apple,Plantae,371,Breaking leaf buds,1,2018,104,2458223,-9999.0,104,104,104,14.0,-9999.0,0,-9999,-9999,-9999,-9999.0,-9999.0,-9999.0,364.75
27847,40.303555,-121.005432,1555,CA,1208,Malus,spp.,apple,Plantae,467,Early season leaf expansion,1,2018,112,2458231,-9999.0,112,112,112,8.0,-9999.0,0,-9999,-9999,-9999,-9999.0,-9999.0,-9999.0,406.5
27847,40.303555,-121.005432,1555,CA,1208,Malus,spp.,apple,Plantae,471,Falling leaves,1,2018,115,2458234,-9999.0,115,115,115,3.0,-9999.0,1,2018,115,2458234,-9999.0,10.0,-9999.0,443.5
27847,40.303555,-121.005432,1555,CA,1208,Malus,spp.,apple,Plantae,483,Leaves,1,2018,112,2458231,-9999.0,112,112,112,8.0,-9999.0,0,-9999,-9999,-9999,-9999.0,-9999.0,-9999.0,406.5
27847,40.303555,-121.005432,1555,CA,1208,Malus,spp.,apple,Plantae,500,Flowers or flower buds,1,2018,112,2458231,-9999.0,112,112,112,8.0,-9999.0,1,2018,112,2458231,-9999.0,3.0,-9999.0,406.5
27847,40.303555,-121.005432,1555,CA,1208,Malus,spp.,apple,Plantae,501,Open flowers,1,2018,131,2458250,-9999.0,131,131,131,6.0,-9999.0,0,-9999,-9999,-9999,-9999.0,-9999.0,-9999.0,612.75
28729,40.202297,-77.196671,144,PA,1208,Malus,spp.,apple,Plantae,371,Breaking leaf buds,9,2018,85,2458204,4.5,54,101,78,7.6666666666667,2.1730674684009,5,2018,101,2458220,4.7749345545253,4.2,1.0198039027186,208.88888888889
28729,40.202297,-77.196671,144,PA,1208,Malus,spp.,apple,Plantae,390,Ripe fruits,1,2018,47,2458166,-9999.0,47,47,47,2.0,-9999.0,1,2018,41,2458160,-9999.0,3.0,-9999.0,72.0
28729,40.202297,-77.196671,144,PA,1208,Malus,spp.,apple,Plantae,467,Early season leaf expansion,8,2018,105,2458224,2.2033861927238,100,116,104,6.75,1.3855117672336,0,-9999,-9999,-9999,-9999.0,-9999.0,-9999.0,322.90625
28729,40.202297,-77.196671,144,PA,1208,Malus,spp.,apple,Plantae,471,Falling leaves,1,2018,43,2458162,-9999.0,43,43,43,2.0,-9999.0,1,2018,51,2458170,-9999.0,3.0,-9999.0,56.25
28729,40.202297,-77.196671,144,PA,1208,Malus,spp.,apple,Plantae,483,Leaves,9,2018,94,2458213,8.8230198352007,43,116,54,5.0,0.83333333333333,1,2018,43,2458162,-9999.0,3.0,-9999.0,284.58333333333
28729,40.202297,-77.196671,144,PA,1208,Malus,spp.,apple,Plantae,498,Colored leaves,4,2018,77,2458196,15.850210303547,46,107,78,3.75,1.4361406616345,1,2018,46,2458165,-9999.0,5.0,-9999.0,201.4375
28729,40.202297,-77.196671,144,PA,1208,Malus,spp.,apple,Plantae,500,Flowers or flower buds,8,2018,89,2458208,7.283635032435,60,113,98,5.25,0.67480155813183,3,2018,79,2458198,8.452481555404,2.3333333333333,0.8819171036882,255.625
28729,40.202297,-77.196671,144,PA,1208,Malus,spp.,apple,Plantae,501,Open flowers,7,2018,109,2458228,3.0617233153673,100,119,101,4.0,0.75592894601845,0,-9999,-9999,-9999,-9999.0,-9999.0,-9999.0,366.14285714286
28729,40.202297,-77.196671,144,PA,1208,Malus,spp.,apple,Plantae,504,Recent fruit or seed drop,4,2018,64,2458183,15.138251770487,37,100,60,9.25,4.9223131418741,3,2018,56,2458175,14.666666666667,6.6666666666667,4.1766546953806,138.3125
28729,40.202297,-77.196671,144,PA,1208,Malus,spp.,apple,Plantae,516,Fruits,3,2018,56,2458175,11.060440015358,43,78,47,10.0,7.0237691685685,2,2018,94,2458213,9.0,8.0,7.0,104.41666666667
28910,44.584858,-122.826965,104,OR,1208,Malus,spp.,apple,Plantae,371,Breaking leaf buds,4,2018,127,2458246,2.3094010767585,123,131,127,7.5,0.28867513459481,2,2018,131,2458250,0.0,7.0,0.0,986.875
28910,44.584858,-122.826965,104,OR,1208,Malus,spp.,apple,Plantae,467,Early season leaf expansion,5,2018,125,2458244,1.6,123,131,123,7.2,0.2,3,2018,131,2458250,0.0,7.0,0.0,951.7
28910,44.584858,-122.826965,104,OR,1208,Malus,spp.,apple,Plantae,483,Leaves,5,2018,125,2458244,1.6,123,131,123,7.2,0.2,1,2018,131,2458250,-9999.0,7.0,-9999.0,951.7
28910,44.584858,-122.826965,104,OR,1208,Malus,spp.,apple,Plantae,500,Flowers or flower buds,5,2018,102,2458221,3.4292856398964,96,110,96,23.0,3.6742346141748,5,2018,123,2458242,0.0,8.0,0.0,684.6
28910,44.584858,-122.826965,104,OR,1208,Malus,spp.,apple,Plantae,501,Open flowers,5,2018,117,2458236,1.4,116,123,116,6.2,0.2,5,2018,123,2458242,0.0,8.0,0.0,865.05
28910,44.584858,-122.826965,104,OR,1208,Malus,spp.,apple,Plantae,516,Fruits,5,2018,131,2458250,0.0,131,131,131,8.0,0.0,0,-9999,-9999,-9999,-9999.0,-9999.0,-9999.0,1045.5
30099,42.057301,-87.674484,179,IL,1208,Malus,spp.,apple,Plantae,371,Breaking leaf buds,0,-9999,-9999,-9999,-9999.0,-9999,-9999,-9999,-9999.0,-9999.0,1,2018,121,2458240,-9999.0,7.0,-9999.0,-9999.0
30099,42.057301,-87.674484,179,IL,1208,Malus,spp.,apple,Plantae,467,Early season leaf expansion,1,2018,121,2458240,-9999.0,121,121,121,7.0,-9999.0,1,2018,135,2458254,-9999.0,7.0,-9999.0,320.75
30099,42.057301,-87.674484,179,IL,1208,Malus,spp.,apple,Plantae,483,Leaves,1,2018,121,2458240,-9999.0,121,121,121,7.0,-9999.0,0,-9999,-9999,-9999,-9999.0,-9999.0,-9999.0,320.75
30099,42.057301,-87.674484,179,IL,1208,Malus,spp.,apple,Plantae,500,Flowers or flower buds,1,2018,128,2458247,-9999.0,128,128,128,7.0,-9999.0,0,-9999,-9999,-9999,-9999.0,-9999.0,-9999.0,443.5
30099,42.057301,-87.674484,179,IL,1208,Malus,spp.,apple,Plantae,501,Open flowers,1,2018,142,2458261,-9999.0,142,142,142,7.0,-9999.0,0,-9999,-9999,-9999,-9999.0,-9999.0,-9999.0,628.75
30146,42.056484,-87.676254,180,IL,1208,Malus,spp.,apple,Plantae,371,Breaking leaf buds,0,-9999,-9999,-9999,-9999.0,-9999,-9999,-9999,-9999.0,-9999.0,1,2018,120,2458239,-9999.0,7.0,-9999.0,-9999.0
30146,42.056484,-87.676254,180,IL,1208,Malus,spp.,apple,Plantae,467,Early season leaf expansion,1,2018,127,2458246,-9999.0,127,127,127,7.0,-9999.0,1,2018,127,2458246,-9999.0,7.0,-9999.0,424.75
30146,42.056484,-87.676254,180,IL,1208,Malus,spp.,apple,Plantae,483,Leaves,1,2018,120,2458239,-9999.0,120,120,120,7.0,-9999.0,0,-9999,-9999,-9999,-9999.0,-9999.0,-9999.0,300.0
30146,42.056484,-87.676254,180,IL,1208,Malus,spp.,apple,Plantae,500,Flowers or flower buds,1,2018,127,2458246,-9999.0,127,127,127,7.0,-9999.0,0,-9999,-9999,-9999,-9999.0,-9999.0,-9999.0,424.75
30146,42.056484,-87.676254,180,IL,1208,Malus,spp.,apple,Plantae,501,Open flowers,1,2018,142,2458261,-9999.0,142,142,142,8.0,-9999.0,0,-9999,-9999,-9999,-9999.0,-9999.0,-9999.0,628.75
30146,42.056484,-87.676254,180,IL,1208,Malus,spp.,apple,Plantae,516,Fruits,0,-9999,-9999,-9999,-9999.0,-9999,-9999,-9999,-9999.0,-9999.0,1,2018,120,2458239,-9999.0,7.0,-9999.0,-9999.0
30246,42.01614,-87.681358,180,IL,1208,Malus,spp.,apple,Plantae,390,Ripe fruits,0,-9999,-9999,-9999,-9999.0,-9999,-9999,-9999,-9999.0,-9999.0,1,2018,125,2458244,-9999.0,7.0,-9999.0,-9999.0
30246,42.01614,-87.681358,180,IL,1208,Malus,spp.,apple,Plantae,467,Early season leaf expansion,1,2018,153,2458272,-9999.0,153,153,153,7.0,-9999.0,1,2018,153,2458272,-9999.0,6.0,-9999.0,888.5
30246,42.01614,-87.681358,180,IL,1208,Malus,spp.,apple,Plantae,483,Leaves,1,2018,153,2458272,-9999.0,153,153,153,7.0,-9999.0,1,2018,153,2458272,-9999.0,6.0,-9999.0,888.5
30246,42.01614,-87.681358,180,IL,1208,Malus,spp.,apple,Plantae,500,Flowers or flower buds,1,2018,132,2458251,-9999.0,132,132,132,7.0,-9999.0,1,2018,153,2458272,-9999.0,6.0,-9999.0,510.0
30246,42.01614,-87.681358,180,IL,1208,Malus,spp.,apple,Plantae,501,Open flowers,1,2018,146,2458265,-9999.0,146,146,146,7.0,-9999.0,0,-9999,-9999,-9999,-9999.0,-9999.0,-9999.0,728.75
30246,42.01614,-87.681358,180,IL,1208,Malus,spp.,apple,Plantae,504,Recent fruit or seed drop,1,2018,118,2458237,-9999.0,118,118,118,7.0,-9999.0,1,2018,125,2458244,-9999.0,7.0,-9999.0,291.75
30246,42.01614,-87.681358,180,IL,1208,Malus,spp.,apple,Plantae,516,Fruits,0,-9999,-9999,-9999,-9999.0,-9999,-9999,-9999,-9999.0,-9999.0,1,2018,125,2458244,-9999.0,7.0,-9999.0,-9999.0
30518,40.900394,-73.064667,45,NY,1208,Malus,spp.,apple,Plantae,371,Breaking leaf buds,0,-9999,-9999,-9999,-9999.0,-9999,-9999,-9999,-9999.0,-9999.0,2,2018,127,2458246,0.0,2.0,0.0,-9999.0
30518,40.900394,-73.064667,45,NY,1208,Malus,spp.,apple,Plantae,500,Flowers or flower buds,0,-9999,-9999,-9999,-9999.0,-9999,-9999,-9999,-9999.0,-9999.0,2,2018,130,2458249,1.0,5.0,1.0,-9999.0
30518,40.900394,-73.064667,45,NY,1208,Malus,spp.,apple,Plantae,501,Open flowers,2,2018,125,2458244,2.0,123,127,125,2.0,1.0,2,2018,130,2458249,1.0,5.0,1.0,583.5
30518,40.900394,-73.064667,45,NY,1208,Malus,spp.,apple,Plantae,516,Fruits,2,2018,135,2458254,0.0,135,135,135,5.0,1.0,0,-9999,-9999,-9999,-9999.0,-9999.0,-9999.0,734.0
31247,44.381245,-123.594604,148,OR,1208,Malus,spp.,apple,Plantae,390,Ripe fruits,0,-9999,-9999,-9999,-9999.0,-9999,-9999,-9999,-9999.0,-9999.0,1,2018,305,2458424,-9999.0,6.0,-9999.0,-9999.0
31247,44.381245,-123.594604,148,OR,1208,Malus,spp.,apple,Plantae,471,Falling leaves,1,2018,305,2458424,-9999.0,305,305,305,16.0,-9999.0,1,2018,332,2458451,-9999.0,21.0,-9999.0,3798.0
31247,44.381245,-123.594604,148,OR,1208,Malus,spp.,apple,Plantae,483,Leaves,0,-9999,-9999,-9999,-9999.0,-9999,-9999,-9999,-9999.0,-9999.0,1,2018,319,2458438,-9999.0,13.0,-9999.0,-9999.0
31247,44.381245,-123.594604,148,OR,1208,Malus,spp.,apple,Plantae,498,Colored leaves,1,2018,276,2458395,-9999.0,276,276,276,7.0,-9999.0,1,2018,332,2458451,-9999.0,21.0,-9999.0,3446.0
31247,44.381245,-123.594604,148,OR,1208,Malus,spp.,apple,Plantae,504,Recent fruit or seed drop,0,-9999,-9999,-9999,-9999.0,-9999,-9999,-9999,-9999.0,-9999.0,1,2018,305,2458424,-9999.0,6.0,-9999.0,-9999.0
31247,44.381245,-123.594604,148,OR,1208,Malus,spp.,apple,Plantae,516,Fruits,0,-9999,-9999,-9999,-9999.0,-9999,-9999,-9999,-9999.0,-9999.0,1,2018,305,2458424,-9999.0,6.0,-9999.0,-9999.0
31691,34.804592,-111.804695,1242,AZ,1208,Malus,spp.,apple,Plantae,371,Breaking leaf buds,1,2018,291,2458410,-9999.0,291,291,291,7.0,-9999.0,1,2018,330,2458449,-9999.0,3.0,-9999.0,5104.5
31691,34.804592,-111.804695,1242,AZ,1208,Malus,spp.,apple,Plantae,467,Early season leaf expansion,2,2018,259,2458378,3.5,255,262,259,7.0,0.0,2,2018,293,2458412,37.5,5.0,2.0,4523.5
31691,34.804592,-111.804695,1242,AZ,1208,Malus,spp.,apple,Plantae,471,Falling leaves,1,2018,248,2458367,-9999.0,248,248,248,7.0,-9999.0,1,2018,330,2458449,-9999.0,3.0,-9999.0,4278.5
31691,34.804592,-111.804695,1242,AZ,1208,Malus,spp.,apple,Plantae,498,Colored leaves,1,2018,248,2458367,-9999.0,248,248,248,7.0,-9999.0,1,2018,297,2458416,-9999.0,1.0,-9999.0,4278.5
31715,35.091709,-106.666389,1518,NM,1208,Malus,spp.,apple,Plantae,471,Falling leaves,1,2018,309,2458428,-9999.0,309,309,309,13.0,-9999.0,0,-9999,-9999,-9999,-9999.0,-9999.0,-9999.0,5176.5
5261,42.448402,-72.345314,270,MA,1208,Malus,spp.,apple,Plantae,371,Breaking leaf buds,1,2019,118,2458602,-9999.0,118,118,118,7.0,-9999.0,1,2019,128,2458612,-9999.0,14.0,-9999.0,303.75
5261,42.448402,-72.345314,270,MA,1208,Malus,spp.,apple,Plantae,467,Early season leaf expansion,1,2019,142,2458626,-9999.0,142,142,142,14.0,-9999.0,1,2019,159,2458643,-9999.0,5.0,-9999.0,562.0
5261,42.448402,-72.345314,270,MA,1208,Malus,spp.,apple,Plantae,471,Falling leaves,0,-9999,-9999,-9999,-9999.0,-9999,-9999,-9999,-9999.0,-9999.0,1,2019,298,2458782,-9999.0,7.0,-9999.0,-9999.0
5261,42.448402,-72.345314,270,MA,1208,Malus,spp.,apple,Plantae,483,Leaves,1,2019,118,2458602,-9999.0,118,118,118,7.0,-9999.0,0,-9999,-9999,-9999,-9999.0,-9999.0,-9999.0,303.75
5261,42.448402,-72.345314,270,MA,1208,Malus,spp.,apple,Plantae,498,Colored leaves,1,2019,234,2458718,-9999.0,234,234,234,10.0,-9999.0,0,-9999,-9999,-9999,-9999.0,-9999.0,-9999.0,2412.0
5261,42.448402,-72.345314,270,MA,1208,Malus,spp.,apple,Plantae,516,Fruits,1,2019,207,2458691,-9999.0,207,207,207,30.0,-9999.0,1,2019,207,2458691,-9999.0,4.0,-9999.0,1823.0
9927,39.498241,-104.89093,1921,CO,1208,Malus,spp.,apple,Plantae,371,Breaking leaf buds,1,2019,104,2458588,-9999.0,104,104,104,6.0,-9999.0,0,-9999,-9999,-9999,-9999.0,-9999.0,-9999.0,282.5
9927,39.498241,-104.89093,1921,CO,1208,Malus,spp.,apple,Plantae,467,Early season leaf expansion,1,2019,119,2458603,-9999.0,119,119,119,21.0,-9999.0,0,-9999,-9999,-9999,-9999.0,-9999.0,-9999.0,441.75
9927,39.498241,-104.89093,1921,CO,1208,Malus,spp.,apple,Plantae,483,Leaves,1,2019,119,2458603,-9999.0,119,119,119,9.0,-9999.0,0,-9999,-9999,-9999,-9999.0,-9999.0,-9999.0,441.75
9927,39.498241,-104.89093,1921,CO,1208,Malus,spp.,apple,Plantae,500,Flowers or flower buds,1,2019,129,2458613,-9999.0,129,129,129,10.0,-9999.0,0,-9999,-9999,-9999,-9999.0,-9999.0,-9999.0,521.0
16374,37.835827,-122.25074,57,CA,1208,Malus,spp.,apple,Plantae,371,Breaking leaf buds,1,2019,52,2458536,-9999.0,52,52,52,7.0,-9999.0,1,2019,52,2458536,-9999.0,7.0,-9999.0,569.32
16610,37.991367,-122.132027,79,CA,1208,Malus,spp.,apple,Plantae,390,Ripe fruits,1,2019,295,2458779,-9999.0,295,295,295,4.0,-9999.0,2,2019,276,2458760,37.0,3.0,0.0,4971.5
16610,37.991367,-122.132027,79,CA,1208,Malus,spp.,apple,Plantae,471,Falling leaves,2,2019,288,2458772,21.0,267,309,288,4.0,1.0,2,2019,320,2458804,3.5,4.0,0.0,4839.5
16610,37.991367,-122.132027,79,CA,1208,Malus,spp.,apple,Plantae,498,Colored leaves,2,2019,274,2458758,21.0,253,295,274,4.0,0.0,2,2019,277,2458761,24.0,3.0,0.0,4558.875
16610,37.991367,-122.132027,79,CA,1208,Malus,spp.,apple,Plantae,500,Flowers or flower buds,2,2019,38,2458522,0.0,38,38,38,3.0,0.0,2,2019,59,2458543,0.0,4.0,0.0,398.0
16610,37.991367,-122.132027,79,CA,1208,Malus,spp.,apple,Plantae,504,Recent fruit or seed drop,1,2019,316,2458800,-9999.0,316,316,316,3.0,-9999.0,2,2019,283,2458767,33.5,4.0,0.0,5336.0
16610,37.991367,-122.132027,79,CA,1208,Malus,spp.,apple,Plantae,516,Fruits,1,2019,253,2458737,-9999.0,253,253,253,4.0,-9999.0,2,2019,276,2458760,37.0,3.0,0.0,4146.25
18524,40.860325,-73.878471,26,NY,1208,Malus,spp.,apple,Plantae,371,Breaking leaf buds,2,2019,103,2458587,0.0,103,103,103,20.0,0.0,2,2019,118,2458602,0.0,20.0,0.0,391.75
18524,40.860325,-73.878471,26,NY,1208,Malus,spp.,apple,Plantae,467,Early season leaf expansion,2,2019,103,2458587,0.0,103,103,103,20.0,0.0,0,-9999,-9999,-9999,-9999.0,-9999.0,-9999.0,391.75
18524,40.860325,-73.878471,26,NY,1208,Malus,spp.,apple,Plantae,483,Leaves,2,2019,103,2458587,0.0,103,103,103,20.0,0.0,0,-9999,-9999,-9999,-9999.0,-9999.0,-9999.0,391.75
18524,40.860325,-73.878471,26,NY,1208,Malus,spp.,apple,Plantae,500,Flowers or flower buds,2,2019,138,2458622,0.0,138,138,138,20.0,0.0,0,-9999,-9999,-9999,-9999.0,-9999.0,-9999.0,875.5
18524,40.860325,-73.878471,26,NY,1208,Malus,spp.,apple,Plantae,501,Open flowers,2,2019,138,2458622,0.0,138,138,138,20.0,0.0,0,-9999,-9999,-9999,-9999.0,-9999.0,-9999.0,875.5
18525,40.86039,-73.878471,26,NY,1208,Malus,spp.,apple,Plantae,371,Breaking leaf buds,1,2019,92,2458576,-9999.0,92,92,92,9.0,-9999.0,1,2019,227,2458711,-9999.0,2.0,-9999.0,270.75
18525,40.86039,-73.878471,26,NY,1208,Malus,spp.,apple,Plantae,390,Ripe fruits,1,2019,59,2458543,-9999.0,59,59,59,4.0,-9999.0,1,2019,296,2458780,-9999.0,7.0,-9999.0,115.0
18525,40.86039,-73.878471,26,NY,1208,Malus,spp.,apple,Plantae,467,Early season leaf expansion,1,2019,103,2458587,-9999.0,103,103,103,2.0,-9999.0,1,2019,227,2458711,-9999.0,2.0,-9999.0,391.75
18525,40.86039,-73.878471,26,NY,1208,Malus,spp.,apple,Plantae,471,Falling leaves,1,2019,235,2458719,-9999.0,235,235,235,6.0,-9999.0,1,2019,270,2458754,-9999.0,8.0,-9999.0,3158.25
18525,40.86039,-73.878471,26,NY,1208,Malus,spp.,apple,Plantae,483,Leaves,1,2019,103,2458587,-9999.0,103,103,103,2.0,-9999.0,1,2019,313,2458797,-9999.0,7.0,-9999.0,391.75
18525,40.86039,-73.878471,26,NY,1208,Malus,spp.,apple,Plantae,498,Colored leaves,1,2019,211,2458695,-9999.0,211,211,211,6.0,-9999.0,1,2019,313,2458797,-9999.0,7.0,-9999.0,2558.75
18525,40.86039,-73.878471,26,NY,1208,Malus,spp.,apple,Plantae,500,Flowers or flower buds,1,2019,85,2458569,-9999.0,85,85,85,2.0,-9999.0,1,2019,138,2458622,-9999.0,4.0,-9999.0,220.5
18525,40.86039,-73.878471,26,NY,1208,Malus,spp.,apple,Plantae,501,Open flowers,1,2019,120,2458604,-9999.0,120,120,120,2.0,-9999.0,1,2019,137,2458621,-9999.0,1.0,-9999.0,621.75
18525,40.86039,-73.878471,26,NY,1208,Malus,spp.,apple,Plantae,504,Recent fruit or seed drop,1,2019,59,2458543,-9999.0,59,59,59,4.0,-9999.0,1,2019,254,2458738,-9999.0,8.0,-9999.0,115.0
18525,40.86039,-73.878471,26,NY,1208,Malus,spp.,apple,Plantae,516,Fruits,1,2019,59,2458543,-9999.0,59,59,59,4.0,-9999.0,1,2019,94,2458578,-9999.0,7.0,-9999.0,115.0
22221,42.275463,-73.59787,265,NY,1208,Malus,spp.,apple,Plantae,371,Breaking leaf buds,2,2019,110,2458594,4.5,105,114,110,6.5,2.5,2,2019,125,2458609,2.5,6.5,1.5,245.625
22221,42.275463,-73.59787,265,NY,1208,Malus,spp.,apple,Plantae,390,Ripe fruits,2,2019,248,2458732,0.0,248,248,248,15.0,0.0,1,2019,280,2458764,-9999.0,10.0,-9999.0,2716.75
22221,42.275463,-73.59787,265,NY,1208,Malus,spp.,apple,Plantae,467,Early season leaf expansion,2,2019,115,2458599,1.0,114,116,115,5.5,3.5,2,2019,174,2458658,3.5,6.5,0.5,310.5
22221,42.275463,-73.59787,265,NY,1208,Malus,spp.,apple,Plantae,471,Falling leaves,2,2019,248,2458732,0.0,248,248,248,15.0,0.0,0,-9999,-9999,-9999,-9999.0,-9999.0,-9999.0,2716.75
22221,42.275463,-73.59787,265,NY,1208,Malus,spp.,apple,Plantae,483,Leaves,2,2019,115,2458599,1.0,114,116,115,10.0,1.0,0,-9999,-9999,-9999,-9999.0,-9999.0,-9999.0,310.5
22221,42.275463,-73.59787,265,NY,1208,Malus,spp.,apple,Plantae,498,Colored leaves,2,2019,248,2458732,0.0,248,248,248,15.0,0.0,0,-9999,-9999,-9999,-9999.0,-9999.0,-9999.0,2716.75
22221,42.275463,-73.59787,265,NY,1208,Malus,spp.,apple,Plantae,500,Flowers or flower buds,2,2019,122,2458606,5.5,116,127,122,3.5,1.5,2,2019,140,2458624,0.0,7.0,0.0,374.75
22221,42.275463,-73.59787,265,NY,1208,Malus,spp.,apple,Plantae,501,Open flowers,2,2019,131,2458615,4.0,127,135,131,6.5,1.5,2,2019,140,2458624,0.0,7.0,0.0,470.25
22221,42.275463,-73.59787,265,NY,1208,Malus,spp.,apple,Plantae,504,Recent fruit or seed drop,1,2019,259,2458743,-9999.0,259,259,259,11.0,-9999.0,1,2019,290,2458774,-9999.0,11.0,-9999.0,2893.5
22221,42.275463,-73.59787,265,NY,1208,Malus,spp.,apple,Plantae,516,Fruits,2,2019,150,2458634,0.0,150,150,150,10.0,0.0,1,2019,280,2458764,-9999.0,10.0,-9999.0,740.75
25524,33.761486,-84.277054,293,GA,1208,Malus,spp.,apple,Plantae,500,Flowers or flower buds,1,2019,42,2458526,-9999.0,42,42,42,24.0,-9999.0,0,-9999,-9999,-9999,-9999.0,-9999.0,-9999.0,329.0
25565,43.34066,-83.164528,256,MI,1208,Malus,spp.,apple,Plantae,371,Breaking leaf buds,1,2019,104,2458588,-9999.0,104,104,104,9.0,-9999.0,1,2019,136,2458620,-9999.0,7.0,-9999.0,154.0
25565,43.34066,-83.164528,256,MI,1208,Malus,spp.,apple,Plantae,390,Ripe fruits,1,2019,265,2458749,-9999.0,265,265,265,15.0,-9999.0,0,-9999,-9999,-9999,-9999.0,-9999.0,-9999.0,2851.75
25565,43.34066,-83.164528,256,MI,1208,Malus,spp.,apple,Plantae,467,Early season leaf expansion,1,2019,136,2458620,-9999.0,136,136,136,10.0,-9999.0,1,2019,156,2458640,-9999.0,21.0,-9999.0,418.5
25565,43.34066,-83.164528,256,MI,1208,Malus,spp.,apple,Plantae,471,Falling leaves,1,2019,296,2458780,-9999.0,296,296,296,12.0,-9999.0,0,-9999,-9999,-9999,-9999.0,-9999.0,-9999.0,3226.75
25565,43.34066,-83.164528,256,MI,1208,Malus,spp.,apple,Plantae,483,Leaves,1,2019,126,2458610,-9999.0,126,126,126,7.0,-9999.0,0,-9999,-9999,-9999,-9999.0,-9999.0,-9999.0,322.75
25565,43.34066,-83.164528,256,MI,1208,Malus,spp.,apple,Plantae,498,Colored leaves,1,2019,265,2458749,-9999.0,265,265,265,15.0,-9999.0,0,-9999,-9999,-9999,-9999.0,-9999.0,-9999.0,2851.75
25565,43.34066,-83.164528,256,MI,1208,Malus,spp.,apple,Plantae,500,Flowers or flower buds,1,2019,119,2458603,-9999.0,119,119,119,8.0,-9999.0,1,2019,143,2458627,-9999.0,13.0,-9999.0,266.0
25565,43.34066,-83.164528,256,MI,1208,Malus,spp.,apple,Plantae,501,Open flowers,1,2019,143,2458627,-9999.0,143,143,143,7.0,-9999.0,1,2019,156,2458640,-9999.0,21.0,-9999.0,509.25
25565,43.34066,-83.164528,256,MI,1208,Malus,spp.,apple,Plantae,504,Recent fruit or seed drop,1,2019,265,2458749,-9999.0,265,265,265,15.0,-9999.0,0,-9999,-9999,-9999,-9999.0,-9999.0,-9999.0,2851.75
25565,43.34066,-83.164528,256,MI,1208,Malus,spp.,apple,Plantae,516,Fruits,1,2019,177,2458661,-9999.0,177,177,177,21.0,-9999.0,0,-9999,-9999,-9999,-9999.0,-9999.0,-9999.0,1059.5
25992,39.9361,-86.118439,242,IN,1208,Malus,spp.,apple,Plantae,371,Breaking leaf buds,3,2019,97,2458581,2.3333333333333,92,99,99,7.6666666666667,0.66666666666667,3,2019,117,2458601,6.3333333333333,6.0,4.0,274.46666666667
25992,39.9361,-86.118439,242,IN,1208,Malus,spp.,apple,Plantae,467,Early season leaf expansion,3,2019,104,2458588,0.0,104,104,104,5.0,0.0,3,2019,123,2458607,0.0,2.0,0.0,361.26
25992,39.9361,-86.118439,242,IN,1208,Malus,spp.,apple,Plantae,471,Falling leaves,3,2019,219,2458703,34.352745321315,153,268,237,10.333333333333,2.0275875100994,1,2019,153,2458637,-9999.0,14.0,-9999.0,2639.7066666667
25992,39.9361,-86.118439,242,IN,1208,Malus,spp.,apple,Plantae,483,Leaves,3,2019,104,2458588,0.0,104,104,104,5.0,0.0,1,2019,6,2458490,-9999.0,28.0,-9999.0,361.26
25992,39.9361,-86.118439,242,IN,1208,Malus,spp.,apple,Plantae,498,Colored leaves,3,2019,174,2458658,24.58319208999,146,223,153,9.3333333333333,2.3333333333333,3,2019,207,2458691,16.333333333333,16.333333333333,2.3333333333333,1610.04
25992,39.9361,-86.118439,242,IN,1208,Malus,spp.,apple,Plantae,500,Flowers or flower buds,1,2019,118,2458602,-9999.0,118,118,118,14.0,-9999.0,1,2019,125,2458609,-9999.0,7.0,-9999.0,520.39
25992,39.9361,-86.118439,242,IN,1208,Malus,spp.,apple,Plantae,501,Open flowers,1,2019,123,2458607,-9999.0,123,123,123,5.0,-9999.0,1,2019,125,2458609,-9999.0,7.0,-9999.0,596.49
30518,40.900394,-73.064667,45,NY,1208,Malus,spp.,apple,Plantae,371,Breaking leaf buds,2,2019,97,2458581,0.0,97,97,97,20.0,0.0,2,2019,113,2458597,0.0,3.0,0.0,274.5
30518,40.900394,-73.064667,45,NY,1208,Malus,spp.,apple,Plantae,390,Ripe fruits,1,2019,232,2458716,-9999.0,232,232,232,20.0,-9999.0,0,-9999,-9999,-9999,-9999.0,-9999.0,-9999.0,2863.75
30518,40.900394,-73.064667,45,NY,1208,Malus,spp.,apple,Plantae,467,Early season leaf expansion,2,2019,107,2458591,0.0,107,107,107,3.0,0.0,2,2019,135,2458619,0.0,22.0,0.0,386.75
30518,40.900394,-73.064667,45,NY,1208,Malus,spp.,apple,Plantae,483,Leaves,2,2019,104,2458588,0.5,103,104,104,3.5,2.5,1,2019,212,2458696,-9999.0,20.0,-9999.0,343.375
30518,40.900394,-73.064667,45,NY,1208,Malus,spp.,apple,Plantae,500,Flowers or flower buds,2,2019,107,2458591,0.0,107,107,107,3.0,0.0,2,2019,128,2458612,0.0,7.0,0.0,386.75
30518,40.900394,-73.064667,45,NY,1208,Malus,spp.,apple,Plantae,501,Open flowers,2,2019,119,2458603,3.0,116,122,119,2.0,1.0,2,2019,128,2458612,0.0,7.0,0.0,541.0
30518,40.900394,-73.064667,45,NY,1208,Malus,spp.,apple,Plantae,504,Recent fruit or seed drop,1,2019,232,2458716,-9999.0,232,232,232,20.0,-9999.0,0,-9999,-9999,-9999,-9999.0,-9999.0,-9999.0,2863.75
30518,40.900394,-73.064667,45,NY,1208,Malus,spp.,apple,Plantae,516,Fruits,2,2019,157,2458641,0.0,157,157,157,22.0,0.0,0,-9999,-9999,-9999,-9999.0,-9999.0,-9999.0,1125.5
30589,43.760921,-71.706001,186,NH,1208,Malus,spp.,apple,Plantae,371,Breaking leaf buds,1,2019,132,2458616,-9999.0,132,132,132,7.0,-9999.0,0,-9999,-9999,-9999,-9999.0,-9999.0,-9999.0,324.25
30589,43.760921,-71.706001,186,NH,1208,Malus,spp.,apple,Plantae,467,Early season leaf expansion,1,2019,132,2458616,-9999.0,132,132,132,7.0,-9999.0,0,-9999,-9999,-9999,-9999.0,-9999.0,-9999.0,324.25
30589,43.760921,-71.706001,186,NH,1208,Malus,spp.,apple,Plantae,483,Leaves,1,2019,132,2458616,-9999.0,132,132,132,7.0,-9999.0,0,-9999,-9999,-9999,-9999.0,-9999.0,-9999.0,324.25
30589,43.760921,-71.706001,186,NH,1208,Malus,spp.,apple,Plantae,500,Flowers or flower buds,1,2019,115,2458599,-9999.0,115,115,115,4.0,-9999.0,0,-9999,-9999,-9999,-9999.0,-9999.0,-9999.0,185.75
31247,44.381245,-123.594604,148,OR,1208,Malus,spp.,apple,Plantae,371,Breaking leaf buds,1,2019,100,2458584,-9999.0,100,100,100,28.0,-9999.0,1,2019,114,2458598,-9999.0,7.0,-9999.0,596.0
31247,44.381245,-123.594604,148,OR,1208,Malus,spp.,apple,Plantae,390,Ripe fruits,0,-9999,-9999,-9999,-9999.0,-9999,-9999,-9999,-9999.0,-9999.0,1,2019,303,2458787,-9999.0,14.0,-9999.0,-9999.0
31247,44.381245,-123.594604,148,OR,1208,Malus,spp.,apple,Plantae,467,Early season leaf expansion,1,2019,100,2458584,-9999.0,100,100,100,7.0,-9999.0,1,2019,135,2458619,-9999.0,7.0,-9999.0,596.0
31247,44.381245,-123.594604,148,OR,1208,Malus,spp.,apple,Plantae,471,Falling leaves,1,2019,275,2458759,-9999.0,275,275,275,7.0,-9999.0,1,2019,303,2458787,-9999.0,14.0,-9999.0,3341.5
31247,44.381245,-123.594604,148,OR,1208,Malus,spp.,apple,Plantae,483,Leaves,1,2019,100,2458584,-9999.0,100,100,100,7.0,-9999.0,0,-9999,-9999,-9999,-9999.0,-9999.0,-9999.0,596.0
31247,44.381245,-123.594604,148,OR,1208,Malus,spp.,apple,Plantae,498,Colored leaves,1,2019,275,2458759,-9999.0,275,275,275,7.0,-9999.0,0,-9999,-9999,-9999,-9999.0,-9999.0,-9999.0,3341.5
31247,44.381245,-123.594604,148,OR,1208,Malus,spp.,apple,Plantae,500,Flowers or flower buds,1,2019,100,2458584,-9999.0,100,100,100,28.0,-9999.0,1,2019,121,2458605,-9999.0,7.0,-9999.0,596.0
31247,44.381245,-123.594604,148,OR,1208,Malus,spp.,apple,Plantae,501,Open flowers,1,2019,114,2458598,-9999.0,114,114,114,5.0,-9999.0,1,2019,121,2458605,-9999.0,7.0,-9999.0,745.75
31247,44.381245,-123.594604,148,OR,1208,Malus,spp.,apple,Plantae,504,Recent fruit or seed drop,1,2019,254,2458738,-9999.0,254,254,254,7.0,-9999.0,0,-9999,-9999,-9999,-9999.0,-9999.0,-9999.0,3049.0
31247,44.381245,-123.594604,148,OR,1208,Malus,spp.,apple,Plantae,516,Fruits,1,2019,128,2458612,-9999.0,128,128,128,7.0,-9999.0,1,2019,303,2458787,-9999.0,14.0,-9999.0,916.5
31691,34.804592,-111.804695,1242,AZ,1208,Malus,spp.,apple,Plantae,371,Breaking leaf buds,2,2019,248,2458732,0.0,248,248,248,7.0,0.0,2,2019,269,2458753,21.0,10.5,3.5,4072.25
31691,34.804592,-111.804695,1242,AZ,1208,Malus,spp.,apple,Plantae,467,Early season leaf expansion,1,2019,248,2458732,-9999.0,248,248,248,7.0,-9999.0,2,2019,266,2458750,24.5,10.5,3.5,4072.25
31691,34.804592,-111.804695,1242,AZ,1208,Malus,spp.,apple,Plantae,471,Falling leaves,1,2019,276,2458760,-9999.0,276,276,276,6.0,-9999.0,0,-9999,-9999,-9999,-9999.0,-9999.0,-9999.0,4668.25
31691,34.804592,-111.804695,1242,AZ,1208,Malus,spp.,apple,Plantae,498,Colored leaves,4,2019,278,2458762,10.38428299563,255,304,277,12.5,3.5707142142714,1,2019,270,2458754,-9999.0,6.0,-9999.0,4668.125
31691,34.804592,-111.804695,1242,AZ,1208,Malus,spp.,apple,Plantae,516,Fruits,0,-9999,-9999,-9999,-9999.0,-9999,-9999,-9999,-9999.0,-9999.0,1,2019,255,2458739,-9999.0,15.0,-9999.0,-9999.0
31715,35.091709,-106.666389,1518,NM,1208,Malus,spp.,apple,Plantae,504,Recent fruit or seed drop,1,2019,137,2458621,-9999.0,137,137,137,4.0,-9999.0,0,-9999,-9999,-9999,-9999.0,-9999.0,-9999.0,1220.5
32722,44.496876,-103.870766,1154,SD,1208,Malus,spp.,apple,Plantae,371,Breaking leaf buds,1,2019,113,2458597,-9999.0,113,113,113,8.0,-9999.0,1,2019,113,2458597,-9999.0,7.0,-9999.0,274.62
32987,45.50079,-122.990288,47,OR,1208,Malus,spp.,apple,Plantae,371,Breaking leaf buds,1,2019,100,2458584,-9999.0,100,100,100,21.0,-9999.0,0,-9999,-9999,-9999,-9999.0,-9999.0,-9999.0,604.49
32987,45.50079,-122.990288,47,OR,1208,Malus,spp.,apple,Plantae,467,Early season leaf expansion,1,2019,107,2458591,-9999.0,107,107,107,7.0,-9999.0,0,-9999,-9999,-9999,-9999.0,-9999.0,-9999.0,671.26
32987,45.50079,-122.990288,47,OR,1208,Malus,spp.,apple,Plantae,483,Leaves,1,2019,100,2458584,-9999.0,100,100,100,21.0,-9999.0,0,-9999,-9999,-9999,-9999.0,-9999.0,-9999.0,604.49
32987,45.50079,-122.990288,47,OR,1208,Malus,spp.,apple,Plantae,500,Flowers or flower buds,1,2019,100,2458584,-9999.0,100,100,100,21.0,-9999.0,0,-9999,-9999,-9999,-9999.0,-9999.0,-9999.0,604.49
33168,46.508816,-114.097702,1018,MT,1208,Malus,spp.,apple,Plantae,371,Breaking leaf buds,1,2019,115,2458599,-9999.0,115,115,115,8.0,-9999.0,1,2019,134,2458618,-9999.0,3.0,-9999.0,287.96
33168,46.508816,-114.097702,1018,MT,1208,Malus,spp.,apple,Plantae,467,Early season leaf expansion,1,2019,115,2458599,-9999.0,115,115,115,8.0,-9999.0,0,-9999,-9999,-9999,-9999.0,-9999.0,-9999.0,287.96
33168,46.508816,-114.097702,1018,MT,1208,Malus,spp.,apple,Plantae,483,Leaves,1,2019,115,2458599,-9999.0,115,115,115,8.0,-9999.0,0,-9999,-9999,-9999,-9999.0,-9999.0,-9999.0,287.96
33168,46.508816,-114.097702,1018,MT,1208,Malus,spp.,apple,Plantae,500,Flowers or flower buds,1,2019,115,2458599,-9999.0,115,115,115,8.0,-9999.0,0,-9999,-9999,-9999,-9999.0,-9999.0,-9999.0,287.96
33168,46.508816,-114.097702,1018,MT,1208,Malus,spp.,apple,Plantae,501,Open flowers,1,2019,134,2458618,-9999.0,134,134,134,19.0,-9999.0,0,-9999,-9999,-9999,-9999.0,-9999.0,-9999.0,473.83
33279,43.6007,-116.161362,1005,ID,1208,Malus,spp.,apple,Plantae,371,Breaking leaf buds,1,2019,87,2458571,-9999.0,87,87,87,7.0,-9999.0,2,2019,90,2458574,3.0,11.0,3.0,252.94
33279,43.6007,-116.161362,1005,ID,1208,Malus,spp.,apple,Plantae,390,Ripe fruits,3,2019,258,2458742,2.0,256,262,256,16.666666666667,5.3333333333333,1,2019,269,2458753,-9999.0,7.0,-9999.0,3400.47
33279,43.6007,-116.161362,1005,ID,1208,Malus,spp.,apple,Plantae,467,Early season leaf expansion,2,2019,101,2458585,0.0,101,101,101,11.0,3.0,2,2019,122,2458606,0.0,14.0,0.0,388.1
33279,43.6007,-116.161362,1005,ID,1208,Malus,spp.,apple,Plantae,471,Falling leaves,3,2019,289,2458773,9.7125348562223,276,308,283,10.666666666667,2.0275875100994,1,2019,290,2458774,-9999.0,7.0,-9999.0,3730.7666666667
33279,43.6007,-116.161362,1005,ID,1208,Malus,spp.,apple,Plantae,483,Leaves,2,2019,90,2458574,3.0,87,93,90,6.5,0.5,3,2019,267,2458751,11.333333333333,8.6666666666667,2.185812841434,278.875
33279,43.6007,-116.161362,1005,ID,1208,Malus,spp.,apple,Plantae,498,Colored leaves,2,2019,283,2458767,0.0,283,283,283,10.5,3.5,1,2019,290,2458774,-9999.0,7.0,-9999.0,3696.17
33279,43.6007,-116.161362,1005,ID,1208,Malus,spp.,apple,Plantae,500,Flowers or flower buds,2,2019,105,2458589,3.5,101,108,105,7.5,0.5,2,2019,122,2458606,0.0,10.5,3.5,421.85
33279,43.6007,-116.161362,1005,ID,1208,Malus,spp.,apple,Plantae,501,Open flowers,2,2019,115,2458599,0.0,115,115,115,7.0,0.0,2,2019,122,2458606,0.0,14.0,0.0,556.08
33279,43.6007,-116.161362,1005,ID,1208,Malus,spp.,apple,Plantae,504,Recent fruit or seed drop,2,2019,213,2458697,14.0,199,227,213,10.5,3.5,2,2019,248,2458732,21.0,7.0,0.0,2376.9
33279,43.6007,-116.161362,1005,ID,1208,Malus,spp.,apple,Plantae,516,Fruits,2,2019,150,2458634,0.0,150,150,150,14.0,0.0,1,2019,234,2458718,-9999.0,7.0,-9999.0,1035.7
33394,41.742821,-111.809052,1447,UT,1208,Malus,spp.,apple,Plantae,371,Breaking leaf buds,0,-9999,-9999,-9999,-9999.0,-9999,-9999,-9999,-9999.0,-9999.0,1,2019,126,2458610,-9999.0,7.0,-9999.0,-9999.0
33394,41.742821,-111.809052,1447,UT,1208,Malus,spp.,apple,Plantae,467,Early season leaf expansion,1,2019,112,2458596,-9999.0,112,112,112,4.0,-9999.0,1,2019,136,2458620,-9999.0,4.0,-9999.0,299.65
33394,41.742821,-111.809052,1447,UT,1208,Malus,spp.,apple,Plantae,483,Leaves,1,2019,105,2458589,-9999.0,105,105,105,4.0,-9999.0,0,-9999,-9999,-9999,-9999.0,-9999.0,-9999.0,230.66
33394,41.742821,-111.809052,1447,UT,1208,Malus,spp.,apple,Plantae,500,Flowers or flower buds,1,2019,126,2458610,-9999.0,126,126,126,18.0,-9999.0,1,2019,140,2458624,-9999.0,3.0,-9999.0,436.26
33394,41.742821,-111.809052,1447,UT,1208,Malus,spp.,apple,Plantae,501,Open flowers,1,2019,133,2458617,-9999.0,133,133,133,4.0,-9999.0,1,2019,140,2458624,-9999.0,3.0,-9999.0,517.1
33394,41.742821,-111.809052,1447,UT,1208,Malus,spp.,apple,Plantae,504,Recent fruit or seed drop,1,2019,126,2458610,-9999.0,126,126,126,18.0,-9999.0,1,2019,126,2458610,-9999.0,7.0,-9999.0,436.26
33394,41.742821,-111.809052,1447,UT,1208,Malus,spp.,apple,Plantae,516,Fruits,1,2019,154,2458638,-9999.0,154,154,154,11.0,-9999.0,0,-9999,-9999,-9999,-9999.0,-9999.0,-9999.0,777.49
33444,45.501431,-122.990143,42,OR,1208,Malus,spp.,apple,Plantae,371,Breaking leaf buds,0,-9999,-9999,-9999,-9999.0,-9999,-9999,-9999,-9999.0,-9999.0,1,2019,93,2458577,-9999.0,1.0,-9999.0,-9999.0
33444,45.501431,-122.990143,42,OR,1208,Malus,spp.,apple,Plantae,467,Early season leaf expansion,1,2019,122,2458606,-9999.0,122,122,122,28.0,-9999.0,1,2019,122,2458606,-9999.0,4.0,-9999.0,853.75
33444,45.501431,-122.990143,42,OR,1208,Malus,spp.,apple,Plantae,483,Leaves,1,2019,122,2458606,-9999.0,122,122,122,28.0,-9999.0,0,-9999,-9999,-9999,-9999.0,-9999.0,-9999.0,853.75
33444,45.501431,-122.990143,42,OR,1208,Malus,spp.,apple,Plantae,500,Flowers or flower buds,1,2019,122,2458606,-9999.0,122,122,122,28.0,-9999.0,1,2019,126,2458610,-9999.0,7.0,-9999.0,853.75
33444,45.501431,-122.990143,42,OR,1208,Malus,spp.,apple,Plantae,501,Open flowers,1,2019,122,2458606,-9999.0,122,122,122,28.0,-9999.0,1,2019,126,2458610,-9999.0,7.0,-9999.0,853.75
33444,45.501431,-122.990143,42,OR,1208,Malus,spp.,apple,Plantae,516,Fruits,1,2019,133,2458617,-9999.0,133,133,133,7.0,-9999.0,0,-9999,-9999,-9999,-9999.0,-9999.0,-9999.0,1037.19
33458,44.747597,-68.709061,117,ME,1208,Malus,spp.,apple,Plantae,371,Breaking leaf buds,1,2019,115,2458599,-9999.0,115,115,115,15.0,-9999.0,0,-9999,-9999,-9999,-9999.0,-9999.0,-9999.0,146.0
33458,44.747597,-68.709061,117,ME,1208,Malus,spp.,apple,Plantae,467,Early season leaf expansion,1,2019,143,2458627,-9999.0,143,143,143,15.0,-9999.0,0,-9999,-9999,-9999,-9999.0,-9999.0,-9999.0,379.75
33458,44.747597,-68.709061,117,ME,1208,Malus,spp.,apple,Plantae,483,Leaves,1,2019,143,2458627,-9999.0,143,143,143,15.0,-9999.0,0,-9999,-9999,-9999,-9999.0,-9999.0,-9999.0,379.75
33458,44.747597,-68.709061,117,ME,1208,Malus,spp.,apple,Plantae,498,Colored leaves,1,2019,143,2458627,-9999.0,143,143,143,15.0,-9999.0,0,-9999,-9999,-9999,-9999.0,-9999.0,-9999.0,379.75
33458,44.747597,-68.709061,117,ME,1208,Malus,spp.,apple,Plantae,500,Flowers or flower buds,1,2019,143,2458627,-9999.0,143,143,143,15.0,-9999.0,0,-9999,-9999,-9999,-9999.0,-9999.0,-9999.0,379.75
33581,35.680187,-105.950394,2119,NM,1208,Malus,spp.,apple,Plantae,390,Ripe fruits,0,-9999,-9999,-9999,-9999.0,-9999,-9999,-9999,-9999.0,-9999.0,1,2019,277,2458761,-9999.0,28.0,-9999.0,-9999.0
33581,35.680187,-105.950394,2119,NM,1208,Malus,spp.,apple,Plantae,471,Falling leaves,2,2019,305,2458789,0.0,305,305,305,28.0,0.0,0,-9999,-9999,-9999,-9999.0,-9999.0,-9999.0,3559.41
33581,35.680187,-105.950394,2119,NM,1208,Malus,spp.,apple,Plantae,483,Leaves,0,-9999,-9999,-9999,-9999.0,-9999,-9999,-9999,-9999.0,-9999.0,1,2019,305,2458789,-9999.0,14.0,-9999.0,-9999.0
33581,35.680187,-105.950394,2119,NM,1208,Malus,spp.,apple,Plantae,504,Recent fruit or seed drop,0,-9999,-9999,-9999,-9999.0,-9999,-9999,-9999,-9999.0,-9999.0,1,2019,277,2458761,-9999.0,28.0,-9999.0,-9999.0
33581,35.680187,-105.950394,2119,NM,1208,Malus,spp.,apple,Plantae,516,Fruits,0,-9999,-9999,-9999,-9999.0,-9999,-9999,-9999,-9999.0,-9999.0,2,2019,277,2458761,0.0,28.0,0.0,-9999.0
33636,46.329765,-114.086014,1081,MT,1208,Malus,spp.,apple,Plantae,371,Breaking leaf buds,4,2019,118,2458602,3.0,115,127,115,11.0,3.0,3,2019,123,2458607,4.0,12.0,5.0,283.3125
33636,46.329765,-114.086014,1081,MT,1208,Malus,spp.,apple,Plantae,467,Early season leaf expansion,4,2019,131,2458615,2.0207259421637,127,134,131,9.5,1.4433756729741,0,-9999,-9999,-9999,-9999.0,-9999.0,-9999.0,391.875
33636,46.329765,-114.086014,1081,MT,1208,Malus,spp.,apple,Plantae,483,Leaves,4,2019,129,2458613,1.75,127,134,127,12.75,2.6887109674836,0,-9999,-9999,-9999,-9999.0,-9999.0,-9999.0,369.1875
33636,46.329765,-114.086014,1081,MT,1208,Malus,spp.,apple,Plantae,500,Flowers or flower buds,4,2019,133,2458617,2.1213203435596,127,137,134,7.25,1.842778698958,1,2019,134,2458618,-9999.0,3.0,-9999.0,425.0
33636,46.329765,-114.086014,1081,MT,1208,Malus,spp.,apple,Plantae,501,Open flowers,4,2019,135,2458619,0.75,134,137,134,6.0,1.0,1,2019,134,2458618,-9999.0,3.0,-9999.0,447.6875
33707,38.971668,-104.717094,2185,CO,1208,Malus,spp.,apple,Plantae,467,Early season leaf expansion,1,2019,122,2458606,-9999.0,122,122,122,10.0,-9999.0,0,-9999,-9999,-9999,-9999.0,-9999.0,-9999.0,398.86
33707,38.971668,-104.717094,2185,CO,1208,Malus,spp.,apple,Plantae,483,Leaves,1,2019,134,2458618,-9999.0,134,134,134,12.0,-9999.0,0,-9999,-9999,-9999,-9999.0,-9999.0,-9999.0,498.99
33707,38.971668,-104.717094,2185,CO,1208,Malus,spp.,apple,Plantae,500,Flowers or flower buds,1,2019,134,2458618,-9999.0,134,134,134,12.0,-9999.0,0,-9999,-9999,-9999,-9999.0,-9999.0,-9999.0,498.99
33823,37.369804,-122.108719,98,CA,1208,Malus,spp.,apple,Plantae,501,Open flowers,1,2019,132,2458616,-9999.0,132,132,132,4.0,-9999.0,1,2019,124,2458608,-9999.0,4.0,-9999.0,1681.75
33823,37.369804,-122.108719,98,CA,1208,Malus,spp.,apple,Plantae,516,Fruits,1,2019,132,2458616,-9999.0,132,132,132,4.0,-9999.0,0,-9999,-9999,-9999,-9999.0,-9999.0,-9999.0,1681.75
33896,46.134861,-67.807373,155,ME,1208,Malus,spp.,apple,Plantae,371,Breaking leaf buds,1,2019,127,2458611,-9999.0,127,127,127,8.0,-9999.0,1,2019,136,2458620,-9999.0,13.0,-9999.0,192.99
33896,46.134861,-67.807373,155,ME,1208,Malus,spp.,apple,Plantae,467,Early season leaf expansion,1,2019,157,2458641,-9999.0,157,157,157,8.0,-9999.0,1,2019,164,2458648,-9999.0,15.0,-9999.0,483.12
33896,46.134861,-67.807373,155,ME,1208,Malus,spp.,apple,Plantae,483,Leaves,1,2019,157,2458641,-9999.0,157,157,157,21.0,-9999.0,0,-9999,-9999,-9999,-9999.0,-9999.0,-9999.0,483.12
33896,46.134861,-67.807373,155,ME,1208,Malus,spp.,apple,Plantae,500,Flowers or flower buds,1,2019,157,2458641,-9999.0,157,157,157,8.0,-9999.0,1,2019,164,2458648,-9999.0,15.0,-9999.0,483.12
33896,46.134861,-67.807373,155,ME,1208,Malus,spp.,apple,Plantae,501,Open flowers,1,2019,157,2458641,-9999.0,157,157,157,8.0,-9999.0,1,2019,164,2458648,-9999.0,15.0,-9999.0,483.12
33896,46.134861,-67.807373,155,ME,1208,Malus,spp.,apple,Plantae,516,Fruits,1,2019,179,2458663,-9999.0,179,179,179,15.0,-9999.0,0,-9999,-9999,-9999,-9999.0,-9999.0,-9999.0,829.8
34016,45.651161,-111.046143,1518,MT,1208,Malus,spp.,apple,Plantae,467,Early season leaf expansion,5,2019,137,2458621,0.0,137,137,137,5.0,0.0,0,-9999,-9999,-9999,-9999.0,-9999.0,-9999.0,369.09
34016,45.651161,-111.046143,1518,MT,1208,Malus,spp.,apple,Plantae,483,Leaves,5,2019,137,2458621,0.0,137,137,137,5.0,0.0,0,-9999,-9999,-9999,-9999.0,-9999.0,-9999.0,369.09
34016,45.651161,-111.046143,1518,MT,1208,Malus,spp.,apple,Plantae,500,Flowers or flower buds,5,2019,139,2458623,2.4,137,149,137,6.4,1.4,2,2019,125,2458609,0.0,7.0,0.0,387.87
34016,45.651161,-111.046143,1518,MT,1208,Malus,spp.,apple,Plantae,501,Open flowers,1,2019,137,2458621,-9999.0,137,137,137,5.0,-9999.0,1,2019,137,2458621,-9999.0,12.0,-9999.0,369.09
34043,46.890347,-114.047974,967,MT,1208,Malus,spp.,apple,Plantae,371,Breaking leaf buds,0,-9999,-9999,-9999,-9999.0,-9999,-9999,-9999,-9999.0,-9999.0,1,2019,136,2458620,-9999.0,21.0,-9999.0,-9999.0
34043,46.890347,-114.047974,967,MT,1208,Malus,spp.,apple,Plantae,467,Early season leaf expansion,1,2019,136,2458620,-9999.0,136,136,136,4.0,-9999.0,0,-9999,-9999,-9999,-9999.0,-9999.0,-9999.0,482.7
34043,46.890347,-114.047974,967,MT,1208,Malus,spp.,apple,Plantae,500,Flowers or flower buds,0,-9999,-9999,-9999,-9999.0,-9999,-9999,-9999,-9999.0,-9999.0,1,2019,136,2458620,-9999.0,21.0,-9999.0,-9999.0
34043,46.890347,-114.047974,967,MT,1208,Malus,spp.,apple,Plantae,501,Open flowers,0,-9999,-9999,-9999,-9999.0,-9999,-9999,-9999,-9999.0,-9999.0,1,2019,136,2458620,-9999.0,21.0,-9999.0,-9999.0
34043,46.890347,-114.047974,967,MT,1208,Malus,spp.,apple,Plantae,516,Fruits,1,2019,157,2458641,-9999.0,157,157,157,21.0,-9999.0,0,-9999,-9999,-9999,-9999.0,-9999.0,-9999.0,768.69
34079,45.72707,-109.996735,1399,MT,1208,Malus,spp.,apple,Plantae,371,Breaking leaf buds,0,-9999,-9999,-9999,-9999.0,-9999,-9999,-9999,-9999.0,-9999.0,3,2019,138,2458622,2.6666666666667,11.0,3.0,-9999.0
34079,45.72707,-109.996735,1399,MT,1208,Malus,spp.,apple,Plantae,390,Ripe fruits,1,2019,235,2458719,-9999.0,235,235,235,23.0,-9999.0,0,-9999,-9999,-9999,-9999.0,-9999.0,-9999.0,2034.48
34079,45.72707,-109.996735,1399,MT,1208,Malus,spp.,apple,Plantae,467,Early season leaf expansion,2,2019,134,2458618,1.5,132,135,134,2.0,1.0,3,2019,166,2458650,6.0,20.0,2.0,404.22
34079,45.72707,-109.996735,1399,MT,1208,Malus,spp.,apple,Plantae,483,Leaves,3,2019,132,2458616,0.0,132,132,132,1.0,0.0,0,-9999,-9999,-9999,-9999.0,-9999.0,-9999.0,379.0
34079,45.72707,-109.996735,1399,MT,1208,Malus,spp.,apple,Plantae,500,Flowers or flower buds,2,2019,135,2458619,0.0,135,135,135,3.0,0.0,2,2019,160,2458644,0.0,18.0,0.0,429.44
34079,45.72707,-109.996735,1399,MT,1208,Malus,spp.,apple,Plantae,501,Open flowers,3,2019,152,2458636,1.0,151,154,151,6.3333333333333,1.6666666666667,3,2019,160,2458644,0.0,18.0,0.0,578.77333333333
34079,45.72707,-109.996735,1399,MT,1208,Malus,spp.,apple,Plantae,504,Recent fruit or seed drop,1,2019,235,2458719,-9999.0,235,235,235,23.0,-9999.0,0,-9999,-9999,-9999,-9999.0,-9999.0,-9999.0,2034.48
34079,45.72707,-109.996735,1399,MT,1208,Malus,spp.,apple,Plantae,516,Fruits,2,2019,178,2458662,0.0,178,178,178,18.0,0.0,0,-9999,-9999,-9999,-9999.0,-9999.0,-9999.0,961.39
34080,45.727398,-109.996193,1398,MT,1208,Malus,spp.,apple,Plantae,371,Breaking leaf buds,0,-9999,-9999,-9999,-9999.0,-9999,-9999,-9999,-9999.0,-9999.0,2,2019,139,2458623,4.0,8.0,0.0,-9999.0
34080,45.727398,-109.996193,1398,MT,1208,Malus,spp.,apple,Plantae,467,Early season leaf expansion,1,2019,132,2458616,-9999.0,132,132,132,1.0,-9999.0,2,2019,160,2458644,0.0,18.0,0.0,371.53
34080,45.727398,-109.996193,1398,MT,1208,Malus,spp.,apple,Plantae,483,Leaves,1,2019,132,2458616,-9999.0,132,132,132,1.0,-9999.0,0,-9999,-9999,-9999,-9999.0,-9999.0,-9999.0,371.53
34080,45.727398,-109.996193,1398,MT,1208,Malus,spp.,apple,Plantae,498,Colored leaves,1,2019,178,2458662,-9999.0,178,178,178,18.0,-9999.0,1,2019,178,2458662,-9999.0,24.0,-9999.0,948.33
34080,45.727398,-109.996193,1398,MT,1208,Malus,spp.,apple,Plantae,500,Flowers or flower buds,2,2019,135,2458619,0.0,135,135,135,3.0,0.0,2,2019,156,2458640,4.5,13.5,4.5,421.64
34080,45.727398,-109.996193,1398,MT,1208,Malus,spp.,apple,Plantae,501,Open flowers,2,2019,151,2458635,0.0,151,151,151,8.0,0.0,2,2019,160,2458644,0.0,18.0,0.0,552.58
34080,45.727398,-109.996193,1398,MT,1208,Malus,spp.,apple,Plantae,516,Fruits,2,2019,178,2458662,0.0,178,178,178,18.0,0.0,0,-9999,-9999,-9999,-9999.0,-9999.0,-9999.0,948.33
34086,46.302799,-114.103355,1085,MT,1208,Malus,spp.,apple,Plantae,371,Breaking leaf buds,0,-9999,-9999,-9999,-9999.0,-9999,-9999,-9999,-9999.0,-9999.0,1,2019,138,2458622,-9999.0,21.0,-9999.0,-9999.0
34086,46.302799,-114.103355,1085,MT,1208,Malus,spp.,apple,Plantae,467,Early season leaf expansion,0,-9999,-9999,-9999,-9999.0,-9999,-9999,-9999,-9999.0,-9999.0,1,2019,159,2458643,-9999.0,7.0,-9999.0,-9999.0
34086,46.302799,-114.103355,1085,MT,1208,Malus,spp.,apple,Plantae,498,Colored leaves,1,2019,166,2458650,-9999.0,166,166,166,7.0,-9999.0,1,2019,138,2458622,-9999.0,21.0,-9999.0,911.33
34086,46.302799,-114.103355,1085,MT,1208,Malus,spp.,apple,Plantae,500,Flowers or flower buds,0,-9999,-9999,-9999,-9999.0,-9999,-9999,-9999,-9999.0,-9999.0,1,2019,138,2458622,-9999.0,21.0,-9999.0,-9999.0
34086,46.302799,-114.103355,1085,MT,1208,Malus,spp.,apple,Plantae,501,Open flowers,0,-9999,-9999,-9999,-9999.0,-9999,-9999,-9999,-9999.0,-9999.0,1,2019,138,2458622,-9999.0,21.0,-9999.0,-9999.0
34086,46.302799,-114.103355,1085,MT,1208,Malus,spp.,apple,Plantae,516,Fruits,1,2019,159,2458643,-9999.0,159,159,159,21.0,-9999.0,0,-9999,-9999,-9999,-9999.0,-9999.0,-9999.0,786.96
34270,43.008286,-78.783058,179,NY,1208,Malus,spp.,apple,Plantae,371,Breaking leaf buds,6,2019,260,2458744,2.7253949764718,254,270,258,2.8333333333333,0.94575073060741,6,2019,290,2458774,5.9870230035005,5.0,0.89442719099992,2928.7316666667
34270,43.008286,-78.783058,179,NY,1208,Malus,spp.,apple,Plantae,390,Ripe fruits,4,2019,269,2458753,3.881043674065,263,279,268,4.25,0.47871355387817,2,2019,290,2458774,4.0,2.5,0.5,3090.895
34270,43.008286,-78.783058,179,NY,1208,Malus,spp.,apple,Plantae,467,Early season leaf expansion,9,2019,261,2458745,2.1045218805418,253,273,253,1.7777777777778,0.364302140239,9,2019,282,2458766,7.8563491662618,2.3333333333333,0.4409585518441,2944.5122222222
34270,43.008286,-78.783058,179,NY,1208,Malus,spp.,apple,Plantae,471,Falling leaves,10,2019,267,2458751,7.3988737881743,255,326,256,2.3,0.33499585403736,10,2019,309,2458793,9.1995772849747,3.1,0.40688518719112,2991.916
34270,43.008286,-78.783058,179,NY,1208,Malus,spp.,apple,Plantae,483,Leaves,6,2019,318,2458802,2.6331223544175,312,326,316,2.3333333333333,0.55777335102272,8,2019,326,2458810,2.3528098702858,3.125,0.39809815731443,3565.6533333333
34270,43.008286,-78.783058,179,NY,1208,Malus,spp.,apple,Plantae,498,Colored leaves,10,2019,255,2458739,0.59254629448771,253,259,256,1.4,0.22110831935703,10,2019,325,2458809,2.2383029285599,3.1,0.60461190490724,2841.787
34270,43.008286,-78.783058,179,NY,1208,Malus,spp.,apple,Plantae,500,Flowers or flower buds,2,2019,271,2458755,8.5,262,279,271,2.5,1.5,2,2019,279,2458763,0.0,3.0,0.0,3106.465
34270,43.008286,-78.783058,179,NY,1208,Malus,spp.,apple,Plantae,504,Recent fruit or seed drop,4,2019,263,2458747,0.28867513459481,262,263,263,3.0,1.1547005383793,2,2019,327,2458811,0.0,4.0,0.0,2972.295
34270,43.008286,-78.783058,179,NY,1208,Malus,spp.,apple,Plantae,516,Fruits,4,2019,263,2458747,0.28867513459481,262,263,263,3.0,1.1547005383793,2,2019,290,2458774,4.0,2.5,0.5,2972.295
34275,46.634338,-112.02739,1152,MT,1208,Malus,spp.,apple,Plantae,371,Breaking leaf buds,0,-9999,-9999,-9999,-9999.0,-9999,-9999,-9999,-9999.0,-9999.0,1,2019,176,2458660,-9999.0,6.0,-9999.0,-9999.0
34275,46.634338,-112.02739,1152,MT,1208,Malus,spp.,apple,Plantae,390,Ripe fruits,2,2019,231,2458715,3.5,227,234,231,5.5,1.5,0,-9999,-9999,-9999,-9999.0,-9999.0,-9999.0,2029.48
34275,46.634338,-112.02739,1152,MT,1208,Malus,spp.,apple,Plantae,467,Early season leaf expansion,1,2019,153,2458637,-9999.0,153,153,153,8.0,-9999.0,6,2019,158,2458642,4.8333333333333,9.3333333333333,0.33333333333333,604.67
34275,46.634338,-112.02739,1152,MT,1208,Malus,spp.,apple,Plantae,471,Falling leaves,4,2019,195,2458679,9.6867607244803,182,223,188,10.5,3.0686587732537,1,2019,223,2458707,-9999.0,11.0,-9999.0,1324.81
34275,46.634338,-112.02739,1152,MT,1208,Malus,spp.,apple,Plantae,483,Leaves,1,2019,153,2458637,-9999.0,153,153,153,8.0,-9999.0,0,-9999,-9999,-9999,-9999.0,-9999.0,-9999.0,604.67
34275,46.634338,-112.02739,1152,MT,1208,Malus,spp.,apple,Plantae,500,Flowers or flower buds,0,-9999,-9999,-9999,-9999.0,-9999,-9999,-9999,-9999.0,-9999.0,5,2019,168,2458652,2.6191601707418,6.8,0.2,-9999.0
34275,46.634338,-112.02739,1152,MT,1208,Malus,spp.,apple,Plantae,501,Open flowers,0,-9999,-9999,-9999,-9999.0,-9999,-9999,-9999,-9999.0,-9999.0,5,2019,168,2458652,2.6191601707418,6.8,0.2,-9999.0
34275,46.634338,-112.02739,1152,MT,1208,Malus,spp.,apple,Plantae,504,Recent fruit or seed drop,2,2019,231,2458715,3.5,227,234,231,5.5,1.5,0,-9999,-9999,-9999,-9999.0,-9999.0,-9999.0,2029.48
34275,46.634338,-112.02739,1152,MT,1208,Malus,spp.,apple,Plantae,516,Fruits,5,2019,162,2458646,0.0,162,162,162,9.0,0.0,0,-9999,-9999,-9999,-9999.0,-9999.0,-9999.0,741.77
34382,45.81953,-112.088509,1368,MT,1208,Malus,spp.,apple,Plantae,501,Open flowers,6,2019,137,2458621,0.0,137,137,137,3.0,0.0,0,-9999,-9999,-9999,-9999.0,-9999.0,-9999.0,449.45
34552,38.131771,-78.392929,121,VA,1208,Malus,spp.,apple,Plantae,390,Ripe fruits,1,2019,161,2458645,-9999.0,161,161,161,1.0,-9999.0,1,2019,169,2458653,-9999.0,1.0,-9999.0,1739.94
34552,38.131771,-78.392929,121,VA,1208,Malus,spp.,apple,Plantae,498,Colored leaves,1,2019,168,2458652,-9999.0,168,168,168,1.0,-9999.0,1,2019,168,2458652,-9999.0,1.0,-9999.0,1882.53
5261,42.448402,-72.345314,270,MA,1208,Malus,spp.,apple,Plantae,371,Breaking leaf buds,1,2020,130,2458979,-9999.0,130,130,130,18.0,-9999.0,1,2020,137,2458986,-9999.0,1.0,-9999.0,425.49
5261,42.448402,-72.345314,270,MA,1208,Malus,spp.,apple,Plantae,390,Ripe fruits,1,2020,232,2459081,-9999.0,232,232,232,7.0,-9999.0,1,2020,304,2459153,-9999.0,16.0,-9999.0,2455.56
5261,42.448402,-72.345314,270,MA,1208,Malus,spp.,apple,Plantae,467,Early season leaf expansion,1,2020,137,2458986,-9999.0,137,137,137,7.0,-9999.0,1,2020,157,2459006,-9999.0,5.0,-9999.0,489.63
5261,42.448402,-72.345314,270,MA,1208,Malus,spp.,apple,Plantae,471,Falling leaves,1,2020,263,2459112,-9999.0,263,263,263,14.0,-9999.0,1,2020,320,2459169,-9999.0,3.0,-9999.0,3006.31
5261,42.448402,-72.345314,270,MA,1208,Malus,spp.,apple,Plantae,483,Leaves,1,2020,130,2458979,-9999.0,130,130,130,15.0,-9999.0,1,2020,320,2459169,-9999.0,3.0,-9999.0,425.49
5261,42.448402,-72.345314,270,MA,1208,Malus,spp.,apple,Plantae,498,Colored leaves,1,2020,242,2459091,-9999.0,242,242,242,10.0,-9999.0,1,2020,320,2459169,-9999.0,3.0,-9999.0,2654.69
5261,42.448402,-72.345314,270,MA,1208,Malus,spp.,apple,Plantae,500,Flowers or flower buds,1,2020,102,2458951,-9999.0,102,102,102,4.0,-9999.0,1,2020,148,2458997,-9999.0,9.0,-9999.0,235.56
5261,42.448402,-72.345314,270,MA,1208,Malus,spp.,apple,Plantae,501,Open flowers,1,2020,137,2458986,-9999.0,137,137,137,7.0,-9999.0,1,2020,148,2458997,-9999.0,9.0,-9999.0,489.63
5261,42.448402,-72.345314,270,MA,1208,Malus,spp.,apple,Plantae,504,Recent fruit or seed drop,1,2020,275,2459124,-9999.0,275,275,275,26.0,-9999.0,1,2020,320,2459169,-9999.0,3.0,-9999.0,3185.88
5261,42.448402,-72.345314,270,MA,1208,Malus,spp.,apple,Plantae,516,Fruits,1,2020,157,2459006,-9999.0,157,157,157,9.0,-9999.0,1,2020,304,2459153,-9999.0,16.0,-9999.0,815.43
9927,39.498241,-104.89093,1921,CO,1208,Malus,spp.,apple,Plantae,371,Breaking leaf buds,1,2020,101,2458950,-9999.0,101,101,101,4.0,-9999.0,1,2020,101,2458950,-9999.0,10.0,-9999.0,382.02
9927,39.498241,-104.89093,1921,CO,1208,Malus,spp.,apple,Plantae,467,Early season leaf expansion,1,2020,127,2458976,-9999.0,127,127,127,6.0,-9999.0,0,-9999,-9999,-9999,-9999.0,-9999.0,-9999.0,626.8
9927,39.498241,-104.89093,1921,CO,1208,Malus,spp.,apple,Plantae,483,Leaves,1,2020,119,2458968,-9999.0,119,119,119,8.0,-9999.0,1,2020,119,2458968,-9999.0,2.0,-9999.0,510.75
9927,39.498241,-104.89093,1921,CO,1208,Malus,spp.,apple,Plantae,500,Flowers or flower buds,1,2020,138,2458987,-9999.0,138,138,138,11.0,-9999.0,0,-9999,-9999,-9999,-9999.0,-9999.0,-9999.0,761.26
9927,39.498241,-104.89093,1921,CO,1208,Malus,spp.,apple,Plantae,501,Open flowers,1,2020,138,2458987,-9999.0,138,138,138,11.0,-9999.0,0,-9999,-9999,-9999,-9999.0,-9999.0,-9999.0,761.26
16267,41.480042,-81.14473,379,OH,1208,Malus,spp.,apple,Plantae,371,Breaking leaf buds,1,2020,107,2458956,-9999.0,107,107,107,22.0,-9999.0,1,2020,77,2458926,-9999.0,2.0,-9999.0,323.61
16267,41.480042,-81.14473,379,OH,1208,Malus,spp.,apple,Plantae,483,Leaves,0,-9999,-9999,-9999,-9999.0,-9999,-9999,-9999,-9999.0,-9999.0,1,2020,77,2458926,-9999.0,2.0,-9999.0,-9999.0
16610,37.991367,-122.132027,79,CA,1208,Malus,spp.,apple,Plantae,371,Breaking leaf buds,1,2020,59,2458908,-9999.0,59,59,59,1.0,-9999.0,1,2020,219,2459068,-9999.0,4.0,-9999.0,693.08
16610,37.991367,-122.132027,79,CA,1208,Malus,spp.,apple,Plantae,390,Ripe fruits,2,2020,203,2459052,0.0,203,203,203,1.0,0.0,2,2020,232,2459081,14.0,1.0,0.0,3204.76
16610,37.991367,-122.132027,79,CA,1208,Malus,spp.,apple,Plantae,467,Early season leaf expansion,2,2020,202,2459051,0.0,202,202,202,4.0,0.0,2,2020,238,2459087,0.0,8.0,0.0,3185.29
16610,37.991367,-122.132027,79,CA,1208,Malus,spp.,apple,Plantae,471,Falling leaves,2,2020,209,2459058,6.5,202,215,209,3.5,0.5,2,2020,292,2459141,2.5,2.5,1.5,3320.255
16610,37.991367,-122.132027,79,CA,1208,Malus,spp.,apple,Plantae,483,Leaves,1,2020,20,2458869,-9999.0,20,20,20,3.0,-9999.0,1,2020,223,2459072,-9999.0,7.0,-9999.0,184.06
16610,37.991367,-122.132027,79,CA,1208,Malus,spp.,apple,Plantae,498,Colored leaves,2,2020,118,2458967,97.5,20,215,118,3.0,0.0,2,2020,295,2459144,6.0,2.5,1.5,1819.64
16610,37.991367,-122.132027,79,CA,1208,Malus,spp.,apple,Plantae,500,Flowers or flower buds,2,2020,71,2458920,0.0,71,71,71,1.0,0.0,2,2020,72,2458921,0.0,1.0,0.0,858.02
16610,37.991367,-122.132027,79,CA,1208,Malus,spp.,apple,Plantae,504,Recent fruit or seed drop,2,2020,209,2459058,14.0,195,223,209,5.0,1.0,2,2020,245,2459094,22.0,4.0,3.0,3337.27
16610,37.991367,-122.132027,79,CA,1208,Malus,spp.,apple,Plantae,516,Fruits,2,2020,249,2459098,11.0,238,260,249,6.0,0.0,2,2020,257,2459106,3.0,3.5,2.5,4261.485
18524,40.860325,-73.878471,26,NY,1208,Malus,spp.,apple,Plantae,371,Breaking leaf buds,2,2020,71,2458920,0.0,71,71,71,8.0,0.0,0,-9999,-9999,-9999,-9999.0,-9999.0,-9999.0,315.08
18524,40.860325,-73.878471,26,NY,1208,Malus,spp.,apple,Plantae,483,Leaves,1,2020,75,2458924,-9999.0,75,75,75,4.0,-9999.0,0,-9999,-9999,-9999,-9999.0,-9999.0,-9999.0,351.16
18525,40.86039,-73.878471,26,NY,1208,Malus,spp.,apple,Plantae,390,Ripe fruits,0,-9999,-9999,-9999,-9999.0,-9999,-9999,-9999,-9999.0,-9999.0,1,2020,71,2458920,-9999.0,3.0,-9999.0,-9999.0
18525,40.86039,-73.878471,26,NY,1208,Malus,spp.,apple,Plantae,504,Recent fruit or seed drop,0,-9999,-9999,-9999,-9999.0,-9999,-9999,-9999,-9999.0,-9999.0,1,2020,71,2458920,-9999.0,3.0,-9999.0,-9999.0
18525,40.86039,-73.878471,26,NY,1208,Malus,spp.,apple,Plantae,516,Fruits,0,-9999,-9999,-9999,-9999.0,-9999,-9999,-9999,-9999.0,-9999.0,1,2020,71,2458920,-9999.0,3.0,-9999.0,-9999.0
22221,42.275463,-73.59787,265,NY,1208,Malus,spp.,apple,Plantae,371,Breaking leaf buds,2,2020,105,2458954,0.0,105,105,105,8.0,0.0,2,2020,136,2458985,3.0,7.0,1.0,298.77
22221,42.275463,-73.59787,265,NY,1208,Malus,spp.,apple,Plantae,390,Ripe fruits,2,2020,255,2459104,0.0,255,255,255,10.0,0.0,2,2020,281,2459130,7.5,7.5,0.5,2970.86
22221,42.275463,-73.59787,265,NY,1208,Malus,spp.,apple,Plantae,467,Early season leaf expansion,2,2020,119,2458968,0.0,119,119,119,8.0,0.0,2,2020,153,2459002,0.0,8.0,0.0,365.21
22221,42.275463,-73.59787,265,NY,1208,Malus,spp.,apple,Plantae,471,Falling leaves,2,2020,277,2459126,4.0,273,281,277,8.0,0.0,2,2020,313,2459162,10.5,6.5,1.5,3270.975
22221,42.275463,-73.59787,265,NY,1208,Malus,spp.,apple,Plantae,483,Leaves,2,2020,119,2458968,0.0,119,119,119,8.0,0.0,2,2020,295,2459144,7.0,7.5,0.5,365.21
22221,42.275463,-73.59787,265,NY,1208,Malus,spp.,apple,Plantae,498,Colored leaves,2,2020,273,2459122,0.0,273,273,273,8.0,0.0,2,2020,295,2459144,7.0,7.5,0.5,3222.17
22221,42.275463,-73.59787,265,NY,1208,Malus,spp.,apple,Plantae,500,Flowers or flower buds,2,2020,125,2458974,0.0,125,125,125,6.0,0.0,2,2020,147,2458996,0.0,6.0,0.0,434.85
22221,42.275463,-73.59787,265,NY,1208,Malus,spp.,apple,Plantae,501,Open flowers,2,2020,139,2458988,0.0,139,139,139,6.0,0.0,2,2020,147,2458996,0.0,6.0,0.0,569.21
22221,42.275463,-73.59787,265,NY,1208,Malus,spp.,apple,Plantae,504,Recent fruit or seed drop,1,2020,288,2459137,-9999.0,288,288,288,7.0,-9999.0,1,2020,288,2459137,-9999.0,14.0,-9999.0,3395.89
22221,42.275463,-73.59787,265,NY,1208,Malus,spp.,apple,Plantae,516,Fruits,2,2020,147,2458996,0.0,147,147,147,8.0,0.0,2,2020,281,2459130,7.5,11.0,3.0,696.27
23857,34.540024,-112.468498,1670,AZ,1208,Malus,spp.,apple,Plantae,467,Early season leaf expansion,1,2020,123,2458972,-9999.0,123,123,123,7.0,-9999.0,0,-9999,-9999,-9999,-9999.0,-9999.0,-9999.0,958.12
23857,34.540024,-112.468498,1670,AZ,1208,Malus,spp.,apple,Plantae,500,Flowers or flower buds,1,2020,116,2458965,-9999.0,116,116,116,7.0,-9999.0,1,2020,116,2458965,-9999.0,7.0,-9999.0,823.87
23857,34.540024,-112.468498,1670,AZ,1208,Malus,spp.,apple,Plantae,501,Open flowers,0,-9999,-9999,-9999,-9999.0,-9999,-9999,-9999,-9999.0,-9999.0,1,2020,116,2458965,-9999.0,7.0,-9999.0,-9999.0
23857,34.540024,-112.468498,1670,AZ,1208,Malus,spp.,apple,Plantae,516,Fruits,1,2020,123,2458972,-9999.0,123,123,123,7.0,-9999.0,0,-9999,-9999,-9999,-9999.0,-9999.0,-9999.0,958.12
25992,39.9361,-86.118439,242,IN,1208,Malus,spp.,apple,Plantae,371,Breaking leaf buds,3,2020,93,2458942,2.6034165586356,88,97,93,4.0,1.7320508075689,3,2020,118,2458967,3.4801021696369,6.3333333333333,0.66666666666667,346.40333333333
25992,39.9361,-86.118439,242,IN,1208,Malus,spp.,apple,Plantae,390,Ripe fruits,0,-9999,-9999,-9999,-9999.0,-9999,-9999,-9999,-9999.0,-9999.0,1,2020,264,2459113,-9999.0,21.0,-9999.0,-9999.0
25992,39.9361,-86.118439,242,IN,1208,Malus,spp.,apple,Plantae,467,Early season leaf expansion,3,2020,100,2458949,1.6666666666667,98,103,98,2.3333333333333,1.3333333333333,3,2020,131,2458980,0.0,14.0,0.0,424.11666666667
25992,39.9361,-86.118439,242,IN,1208,Malus,spp.,apple,Plantae,471,Falling leaves,2,2020,205,2459054,24.5,180,229,205,17.5,3.5,1,2020,180,2459029,-9999.0,7.0,-9999.0,2310.225
25992,39.9361,-86.118439,242,IN,1208,Malus,spp.,apple,Plantae,483,Leaves,3,2020,98,2458947,0.0,98,98,98,1.0,0.0,0,-9999,-9999,-9999,-9999.0,-9999.0,-9999.0,406.28
25992,39.9361,-86.118439,242,IN,1208,Malus,spp.,apple,Plantae,498,Colored leaves,3,2020,161,2459010,12.991450179937,145,187,152,9.3333333333333,2.3333333333333,3,2020,185,2459034,2.3333333333333,21.0,7.0,1322.26
25992,39.9361,-86.118439,242,IN,1208,Malus,spp.,apple,Plantae,500,Flowers or flower buds,3,2020,103,2458952,4.6666666666667,98,112,98,3.6666666666667,2.6666666666667,3,2020,124,2458973,0.0,7.0,0.0,441.82666666667
25992,39.9361,-86.118439,242,IN,1208,Malus,spp.,apple,Plantae,501,Open flowers,3,2020,117,2458966,0.0,117,117,117,5.0,0.0,3,2020,124,2458973,0.0,7.0,0.0,572.51
25992,39.9361,-86.118439,242,IN,1208,Malus,spp.,apple,Plantae,504,Recent fruit or seed drop,0,-9999,-9999,-9999,-9999.0,-9999,-9999,-9999,-9999.0,-9999.0,1,2020,285,2459134,-9999.0,8.0,-9999.0,-9999.0
25992,39.9361,-86.118439,242,IN,1208,Malus,spp.,apple,Plantae,516,Fruits,2,2020,145,2458994,0.0,145,145,145,24.5,3.5,1,2020,264,2459113,-9999.0,21.0,-9999.0,955.74
28910,44.584858,-122.826965,104,OR,1208,Malus,spp.,apple,Plantae,500,Flowers or flower buds,4,2020,70,2458919,1.75,68,75,68,8.75,1.75,0,-9999,-9999,-9999,-9999.0,-9999.0,-9999.0,440.565
30466,39.035595,-85.883705,177,IN,1208,Malus,spp.,apple,Plantae,371,Breaking leaf buds,1,2020,88,2458937,-9999.0,88,88,88,5.0,-9999.0,1,2020,135,2458984,-9999.0,10.0,-9999.0,436.33
30466,39.035595,-85.883705,177,IN,1208,Malus,spp.,apple,Plantae,390,Ripe fruits,1,2020,248,2459097,-9999.0,248,248,248,16.0,-9999.0,1,2020,273,2459122,-9999.0,14.0,-9999.0,3591.13
30466,39.035595,-85.883705,177,IN,1208,Malus,spp.,apple,Plantae,467,Early season leaf expansion,1,2020,94,2458943,-9999.0,94,94,94,6.0,-9999.0,1,2020,185,2459034,-9999.0,3.0,-9999.0,504.62
30466,39.035595,-85.883705,177,IN,1208,Malus,spp.,apple,Plantae,471,Falling leaves,1,2020,248,2459097,-9999.0,248,248,248,16.0,-9999.0,1,2020,306,2459155,-9999.0,15.0,-9999.0,3591.13
30466,39.035595,-85.883705,177,IN,1208,Malus,spp.,apple,Plantae,483,Leaves,1,2020,94,2458943,-9999.0,94,94,94,6.0,-9999.0,0,-9999,-9999,-9999,-9999.0,-9999.0,-9999.0,504.62
30466,39.035595,-85.883705,177,IN,1208,Malus,spp.,apple,Plantae,500,Flowers or flower buds,1,2020,94,2458943,-9999.0,94,94,94,6.0,-9999.0,1,2020,122,2458971,-9999.0,13.0,-9999.0,504.62
30466,39.035595,-85.883705,177,IN,1208,Malus,spp.,apple,Plantae,501,Open flowers,1,2020,112,2458961,-9999.0,112,112,112,13.0,-9999.0,1,2020,122,2458971,-9999.0,13.0,-9999.0,688.74
30466,39.035595,-85.883705,177,IN,1208,Malus,spp.,apple,Plantae,504,Recent fruit or seed drop,1,2020,169,2459018,-9999.0,169,169,169,24.0,-9999.0,1,2020,287,2459136,-9999.0,9.0,-9999.0,1689.26
30466,39.035595,-85.883705,177,IN,1208,Malus,spp.,apple,Plantae,516,Fruits,1,2020,135,2458984,-9999.0,135,135,135,13.0,-9999.0,1,2020,273,2459122,-9999.0,14.0,-9999.0,972.41
30518,40.900394,-73.064667,45,NY,1208,Malus,spp.,apple,Plantae,371,Breaking leaf buds,0,-9999,-9999,-9999,-9999.0,-9999,-9999,-9999,-9999.0,-9999.0,2,2020,107,2458956,0.0,3.0,0.0,-9999.0
30518,40.900394,-73.064667,45,NY,1208,Malus,spp.,apple,Plantae,467,Early season leaf expansion,2,2020,99,2458948,8.0,91,107,99,9.0,7.0,2,2020,145,2458994,0.0,7.0,0.0,502.4
30518,40.900394,-73.064667,45,NY,1208,Malus,spp.,apple,Plantae,471,Falling leaves,1,2020,271,2459120,-9999.0,271,271,271,5.0,-9999.0,0,-9999,-9999,-9999,-9999.0,-9999.0,-9999.0,3810.23
30518,40.900394,-73.064667,45,NY,1208,Malus,spp.,apple,Plantae,483,Leaves,2,2020,99,2458948,8.0,91,107,99,9.0,7.0,0,-9999,-9999,-9999,-9999.0,-9999.0,-9999.0,502.4
30518,40.900394,-73.064667,45,NY,1208,Malus,spp.,apple,Plantae,498,Colored leaves,1,2020,271,2459120,-9999.0,271,271,271,5.0,-9999.0,0,-9999,-9999,-9999,-9999.0,-9999.0,-9999.0,3810.23
30518,40.900394,-73.064667,45,NY,1208,Malus,spp.,apple,Plantae,500,Flowers or flower buds,2,2020,110,2458959,0.0,110,110,110,3.0,0.0,2,2020,136,2458985,0.5,2.0,1.0,591.1
30518,40.900394,-73.064667,45,NY,1208,Malus,spp.,apple,Plantae,501,Open flowers,2,2020,122,2458971,3.0,119,125,122,5.5,3.5,2,2020,136,2458985,0.5,2.0,1.0,700.505
30518,40.900394,-73.064667,45,NY,1208,Malus,spp.,apple,Plantae,516,Fruits,2,2020,145,2458994,0.0,145,145,145,6.0,0.0,0,-9999,-9999,-9999,-9999.0,-9999.0,-9999.0,990.7
31247,44.381245,-123.594604,148,OR,1208,Malus,spp.,apple,Plantae,500,Flowers or flower buds,1,2020,64,2458913,-9999.0,64,64,64,13.0,-9999.0,0,-9999,-9999,-9999,-9999.0,-9999.0,-9999.0,438.13
31691,34.804592,-111.804695,1242,AZ,1208,Malus,spp.,apple,Plantae,471,Falling leaves,0,-9999,-9999,-9999,-9999.0,-9999,-9999,-9999,-9999.0,-9999.0,1,2020,29,2458878,-9999.0,7.0,-9999.0,-9999.0
32185,43.334846,-70.548027,15,ME,1208,Malus,spp.,apple,Plantae,371,Breaking leaf buds,2,2020,117,2458966,0.0,117,117,117,9.0,0.0,2,2020,141,2458990,0.0,12.0,0.0,310.77
32185,43.334846,-70.548027,15,ME,1208,Malus,spp.,apple,Plantae,467,Early season leaf expansion,2,2020,141,2458990,0.0,141,141,141,6.0,0.0,2,2020,159,2459008,0.0,12.0,0.0,541.98
32185,43.334846,-70.548027,15,ME,1208,Malus,spp.,apple,Plantae,483,Leaves,2,2020,138,2458987,3.0,135,141,138,7.0,1.0,1,2020,159,2459008,-9999.0,12.0,-9999.0,504.985
32185,43.334846,-70.548027,15,ME,1208,Malus,spp.,apple,Plantae,500,Flowers or flower buds,2,2020,124,2458973,17.5,106,141,124,7.5,1.5,2,2020,141,2458990,0.0,12.0,0.0,400.735
32185,43.334846,-70.548027,15,ME,1208,Malus,spp.,apple,Plantae,516,Fruits,2,2020,171,2459020,0.0,171,171,171,12.0,0.0,0,-9999,-9999,-9999,-9999.0,-9999.0,-9999.0,1041.53
33444,45.501431,-122.990143,42,OR,1208,Malus,spp.,apple,Plantae,371,Breaking leaf buds,1,2020,76,2458925,-9999.0,76,76,76,14.0,-9999.0,0,-9999,-9999,-9999,-9999.0,-9999.0,-9999.0,472.43
33444,45.501431,-122.990143,42,OR,1208,Malus,spp.,apple,Plantae,467,Early season leaf expansion,1,2020,94,2458943,-9999.0,94,94,94,18.0,-9999.0,0,-9999,-9999,-9999,-9999.0,-9999.0,-9999.0,607.72
33444,45.501431,-122.990143,42,OR,1208,Malus,spp.,apple,Plantae,483,Leaves,1,2020,94,2458943,-9999.0,94,94,94,18.0,-9999.0,0,-9999,-9999,-9999,-9999.0,-9999.0,-9999.0,607.72
33444,45.501431,-122.990143,42,OR,1208,Malus,spp.,apple,Plantae,500,Flowers or flower buds,1,2020,94,2458943,-9999.0,94,94,94,18.0,-9999.0,0,-9999,-9999,-9999,-9999.0,-9999.0,-9999.0,607.72
34270,43.008286,-78.783058,179,NY,1208,Malus,spp.,apple,Plantae,371,Breaking leaf buds,8,2020,56,2458905,0.977423727386,52,59,56,1.75,0.313391585264,8,2020,127,2458976,41.2769392553,2.5,0.77919372247398,62.655
34270,43.008286,-78.783058,179,NY,1208,Malus,spp.,apple,Plantae,390,Ripe fruits,2,2020,52,2458901,0.0,52,52,52,2.0,0.0,2,2020,67,2458916,5.0,3.0,1.0,53.99
34270,43.008286,-78.783058,179,NY,1208,Malus,spp.,apple,Plantae,467,Early season leaf expansion,6,2020,126,2458975,44.817159412191,52,268,59,2.0,0.36514837167011,6,2020,136,2458985,46.421020142939,3.0,0.77459666924148,1119.3133333333
34270,43.008286,-78.783058,179,NY,1208,Malus,spp.,apple,Plantae,471,Falling leaves,10,2020,141,2458990,35.239639927534,50,274,59,3.3,0.55876848714134,10,2020,255,2459104,33.603968019665,4.4,1.056198634517,1350.617
34270,43.008286,-78.783058,179,NY,1208,Malus,spp.,apple,Plantae,483,Leaves,10,2020,132,2458981,38.41297523841,50,325,59,2.1,0.17950549357115,10,2020,299,2459148,7.8173595997057,4.3,1.0440306508911,1148.846
34270,43.008286,-78.783058,179,NY,1208,Malus,spp.,apple,Plantae,498,Colored leaves,10,2020,185,2459034,35.314208660727,50,283,267,2.4,0.45215533220835,10,2020,274,2459123,24.58671728122,3.7,0.84393259341148,1995.851
34270,43.008286,-78.783058,179,NY,1208,Malus,spp.,apple,Plantae,500,Flowers or flower buds,4,2020,56,2458905,2.0207259421637,52,59,56,2.5,0.28867513459481,4,2020,183,2459032,71.302758244919,5.5,2.5980762113533,60.4
34270,43.008286,-78.783058,179,NY,1208,Malus,spp.,apple,Plantae,501,Open flowers,4,2020,71,2458920,10.680979980008,52,89,71,8.0,3.4641016151378,2,2020,306,2459155,0.0,10.0,0.0,126.155
34270,43.008286,-78.783058,179,NY,1208,Malus,spp.,apple,Plantae,504,Recent fruit or seed drop,4,2020,161,2459010,62.212505441698,52,269,162,1.75,0.47871355387817,4,2020,314,2459163,4.697073557014,7.25,1.8874586088177,1657.77
34270,43.008286,-78.783058,179,NY,1208,Malus,spp.,apple,Plantae,516,Fruits,6,2020,173,2459022,49.147849506475,52,289,179,4.1666666666667,1.9902540318038,6,2020,306,2459155,6.0041652209112,6.1666666666667,1.3763881881375,1774.61
34665,38.999882,-86.59021,248,IN,1208,Malus,spp.,apple,Plantae,371,Breaking leaf buds,0,-9999,-9999,-9999,-9999.0,-9999,-9999,-9999,-9999.0,-9999.0,1,2020,92,2458941,-9999.0,17.0,-9999.0,-9999.0
34665,38.999882,-86.59021,248,IN,1208,Malus,spp.,apple,Plantae,467,Early season leaf expansion,1,2020,102,2458951,-9999.0,102,102,102,10.0,-9999.0,1,2020,109,2458958,-9999.0,4.0,-9999.0,552.73
34665,38.999882,-86.59021,248,IN,1208,Malus,spp.,apple,Plantae,483,Leaves,1,2020,92,2458941,-9999.0,92,92,92,5.0,-9999.0,0,-9999,-9999,-9999,-9999.0,-9999.0,-9999.0,430.57
34665,38.999882,-86.59021,248,IN,1208,Malus,spp.,apple,Plantae,498,Colored leaves,1,2020,289,2459138,-9999.0,289,289,289,18.0,-9999.0,0,-9999,-9999,-9999,-9999.0,-9999.0,-9999.0,4188.04
34665,38.999882,-86.59021,248,IN,1208,Malus,spp.,apple,Plantae,500,Flowers or flower buds,1,2020,92,2458941,-9999.0,92,92,92,5.0,-9999.0,0,-9999,-9999,-9999,-9999.0,-9999.0,-9999.0,430.57
34665,38.999882,-86.59021,248,IN,1208,Malus,spp.,apple,Plantae,501,Open flowers,1,2020,102,2458951,-9999.0,102,102,102,10.0,-9999.0,0,-9999,-9999,-9999,-9999.0,-9999.0,-9999.0,552.73
34665,38.999882,-86.59021,248,IN,1208,Malus,spp.,apple,Plantae,516,Fruits,1,2020,127,2458976,-9999.0,127,127,127,7.0,-9999.0,0,-9999,-9999,-9999,-9999.0,-9999.0,-9999.0,818.35
34741,35.639668,-105.969917,2069,NM,1208,Malus,spp.,apple,Plantae,371,Breaking leaf buds,1,2020,89,2458938,-9999.0,89,89,89,6.0,-9999.0,1,2020,110,2458959,-9999.0,7.0,-9999.0,280.17
34741,35.639668,-105.969917,2069,NM,1208,Malus,spp.,apple,Plantae,467,Early season leaf expansion,1,2020,117,2458966,-9999.0,117,117,117,7.0,-9999.0,0,-9999,-9999,-9999,-9999.0,-9999.0,-9999.0,530.75
34741,35.639668,-105.969917,2069,NM,1208,Malus,spp.,apple,Plantae,483,Leaves,1,2020,100,2458949,-9999.0,100,100,100,11.0,-9999.0,0,-9999,-9999,-9999,-9999.0,-9999.0,-9999.0,384.18
34741,35.639668,-105.969917,2069,NM,1208,Malus,spp.,apple,Plantae,500,Flowers or flower buds,1,2020,105,2458954,-9999.0,105,105,105,5.0,-9999.0,1,2020,117,2458966,-9999.0,7.0,-9999.0,411.14
34741,35.639668,-105.969917,2069,NM,1208,Malus,spp.,apple,Plantae,501,Open flowers,1,2020,117,2458966,-9999.0,117,117,117,7.0,-9999.0,1,2020,117,2458966,-9999.0,7.0,-9999.0,530.75
34741,35.639668,-105.969917,2069,NM,1208,Malus,spp.,apple,Plantae,516,Fruits,1,2020,124,2458973,-9999.0,124,124,124,7.0,-9999.0,0,-9999,-9999,-9999,-9999.0,-9999.0,-9999.0,644.44
36254,45.46212,-117.391373,1130,OR,1208,Malus,spp.,apple,Plantae,371,Breaking leaf buds,1,2020,101,2458950,-9999.0,101,101,101,14.0,-9999.0,0,-9999,-9999,-9999,-9999.0,-9999.0,-9999.0,248.28
36747,40.38504,-74.80201,84,NJ,1208,Malus,spp.,apple,Plantae,371,Breaking leaf buds,1,2020,106,2458955,-9999.0,106,106,106,14.0,-9999.0,1,2020,155,2459004,-9999.0,18.0,-9999.0,581.86
36747,40.38504,-74.80201,84,NJ,1208,Malus,spp.,apple,Plantae,467,Early season leaf expansion,1,2020,117,2458966,-9999.0,117,117,117,11.0,-9999.0,1,2020,173,2459022,-9999.0,14.0,-9999.0,659.7
36747,40.38504,-74.80201,84,NJ,1208,Malus,spp.,apple,Plantae,483,Leaves,1,2020,117,2458966,-9999.0,117,117,117,11.0,-9999.0,1,2020,204,2459053,-9999.0,22.0,-9999.0,659.7
36747,40.38504,-74.80201,84,NJ,1208,Malus,spp.,apple,Plantae,500,Flowers or flower buds,1,2020,99,2458948,-9999.0,99,99,99,7.0,-9999.0,1,2020,99,2458948,-9999.0,7.0,-9999.0,516.92
37560,35.112976,-106.649803,1519,NM,1208,Malus,spp.,apple,Plantae,371,Breaking leaf buds,0,-9999,-9999,-9999,-9999.0,-9999,-9999,-9999,-9999.0,-9999.0,1,2020,125,2458974,-9999.0,10.0,-9999.0,-9999.0
37560,35.112976,-106.649803,1519,NM,1208,Malus,spp.,apple,Plantae,390,Ripe fruits,1,2020,107,2458956,-9999.0,107,107,107,8.0,-9999.0,1,2020,107,2458956,-9999.0,8.0,-9999.0,761.78
37560,35.112976,-106.649803,1519,NM,1208,Malus,spp.,apple,Plantae,498,Colored leaves,1,2020,125,2458974,-9999.0,125,125,125,10.0,-9999.0,1,2020,135,2458984,-9999.0,13.0,-9999.0,1082.29
37560,35.112976,-106.649803,1519,NM,1208,Malus,spp.,apple,Plantae,500,Flowers or flower buds,0,-9999,-9999,-9999,-9999.0,-9999,-9999,-9999,-9999.0,-9999.0,1,2020,99,2458948,-9999.0,8.0,-9999.0,-9999.0
37560,35.112976,-106.649803,1519,NM,1208,Malus,spp.,apple,Plantae,501,Open flowers,1,2020,85,2458934,-9999.0,85,85,85,8.0,-9999.0,1,2020,99,2458948,-9999.0,8.0,-9999.0,502.23
37560,35.112976,-106.649803,1519,NM,1208,Malus,spp.,apple,Plantae,504,Recent fruit or seed drop,1,2020,107,2458956,-9999.0,107,107,107,8.0,-9999.0,1,2020,107,2458956,-9999.0,8.0,-9999.0,761.78
37560,35.112976,-106.649803,1519,NM,1208,Malus,spp.,apple,Plantae,516,Fruits,1,2020,107,2458956,-9999.0,107,107,107,8.0,-9999.0,1,2020,135,2458984,-9999.0,13.0,-9999.0,761.78
37624,37.823635,-85.98629,207,KY,1208,Malus,spp.,apple,Plantae,471,Falling leaves,1,2020,91,2458940,-9999.0,91,91,91,2.0,-9999.0,0,-9999,-9999,-9999,-9999.0,-9999.0,-9999.0,574.97
37624,37.823635,-85.98629,207,KY,1208,Malus,spp.,apple,Plantae,501,Open flowers,2,2020,89,2458938,0.0,89,89,89,5.0,0.0,0,-9999,-9999,-9999,-9999.0,-9999.0,-9999.0,554.18
37635,45.619102,-122.612312,51,WA,1208,Malus,spp.,apple,Plantae,371,Breaking leaf buds,1,2020,112,2458961,-9999.0,112,112,112,29.0,-9999.0,0,-9999,-9999,-9999,-9999.0,-9999.0,-9999.0,807.23
37635,45.619102,-122.612312,51,WA,1208,Malus,spp.,apple,Plantae,467,Early season leaf expansion,1,2020,112,2458961,-9999.0,112,112,112,29.0,-9999.0,0,-9999,-9999,-9999,-9999.0,-9999.0,-9999.0,807.23
37754,38.903454,-76.736946,42,MD,1208,Malus,spp.,apple,Plantae,371,Breaking leaf buds,1,2020,92,2458941,-9999.0,92,92,92,6.0,-9999.0,0,-9999,-9999,-9999,-9999.0,-9999.0,-9999.0,642.42
37754,38.903454,-76.736946,42,MD,1208,Malus,spp.,apple,Plantae,467,Early season leaf expansion,1,2020,92,2458941,-9999.0,92,92,92,6.0,-9999.0,1,2020,92,2458941,-9999.0,2.0,-9999.0,642.42
37754,38.903454,-76.736946,42,MD,1208,Malus,spp.,apple,Plantae,483,Leaves,1,2020,92,2458941,-9999.0,92,92,92,6.0,-9999.0,0,-9999,-9999,-9999,-9999.0,-9999.0,-9999.0,642.42
37754,38.903454,-76.736946,42,MD,1208,Malus,spp.,apple,Plantae,498,Colored leaves,1,2020,98,2458947,-9999.0,98,98,98,4.0,-9999.0,0,-9999,-9999,-9999,-9999.0,-9999.0,-9999.0,721.3
37754,38.903454,-76.736946,42,MD,1208,Malus,spp.,apple,Plantae,500,Flowers or flower buds,0,-9999,-9999,-9999,-9999.0,-9999,-9999,-9999,-9999.0,-9999.0,1,2020,115,2458964,-9999.0,6.0,-9999.0,-9999.0
37754,38.903454,-76.736946,42,MD,1208,Malus,spp.,apple,Plantae,501,Open flowers,0,-9999,-9999,-9999,-9999.0,-9999,-9999,-9999,-9999.0,-9999.0,1,2020,115,2458964,-9999.0,6.0,-9999.0,-9999.0
37803,37.201202,-99.480789,564,KS,1208,Malus,spp.,apple,Plantae,371,Breaking leaf buds,0,-9999,-9999,-9999,-9999.0,-9999,-9999,-9999,-9999.0,-9999.0,1,2020,97,2458946,-9999.0,14.0,-9999.0,-9999.0
37803,37.201202,-99.480789,564,KS,1208,Malus,spp.,apple,Plantae,501,Open flowers,1,2020,97,2458946,-9999.0,97,97,97,7.0,-9999.0,1,2020,97,2458946,-9999.0,14.0,-9999.0,579.88
37824,36.502483,-79.686455,184,NC,1208,Malus,spp.,apple,Plantae,467,Early season leaf expansion,1,2020,104,2458953,-9999.0,104,104,104,13.0,-9999.0,0,-9999,-9999,-9999,-9999.0,-9999.0,-9999.0,946.72
37824,36.502483,-79.686455,184,NC,1208,Malus,spp.,apple,Plantae,501,Open flowers,0,-9999,-9999,-9999,-9999.0,-9999,-9999,-9999,-9999.0,-9999.0,1,2020,91,2458940,-9999.0,13.0,-9999.0,-9999.0
37890,40.183697,-76.251785,111,PA,1208,Malus,spp.,apple,Plantae,371,Breaking leaf buds,1,2020,97,2458946,-9999.0,97,97,97,2.0,-9999.0,0,-9999,-9999,-9999,-9999.0,-9999.0,-9999.0,494.36
37890,40.183697,-76.251785,111,PA,1208,Malus,spp.,apple,Plantae,467,Early season leaf expansion,2,2020,129,2458978,0.0,129,129,129,10.0,0.0,0,-9999,-9999,-9999,-9999.0,-9999.0,-9999.0,813.02
37890,40.183697,-76.251785,111,PA,1208,Malus,spp.,apple,Plantae,483,Leaves,2,2020,108,2458957,5.5,102,113,108,8.0,3.0,1,2020,113,2458962,-9999.0,6.0,-9999.0,588.08
38070,42.798477,-71.744713,240,NH,1208,Malus,spp.,apple,Plantae,371,Breaking leaf buds,1,2020,105,2458954,-9999.0,105,105,105,5.0,-9999.0,1,2020,141,2458990,-9999.0,2.0,-9999.0,240.93
38070,42.798477,-71.744713,240,NH,1208,Malus,spp.,apple,Plantae,467,Early season leaf expansion,1,2020,121,2458970,-9999.0,121,121,121,1.0,-9999.0,1,2020,121,2458970,-9999.0,5.0,-9999.0,322.77
38070,42.798477,-71.744713,240,NH,1208,Malus,spp.,apple,Plantae,483,Leaves,1,2020,121,2458970,-9999.0,121,121,121,1.0,-9999.0,1,2020,121,2458970,-9999.0,5.0,-9999.0,322.77
38070,42.798477,-71.744713,240,NH,1208,Malus,spp.,apple,Plantae,500,Flowers or flower buds,1,2020,120,2458969,-9999.0,120,120,120,1.0,-9999.0,1,2020,141,2458990,-9999.0,2.0,-9999.0,315.77
38070,42.798477,-71.744713,240,NH,1208,Malus,spp.,apple,Plantae,501,Open flowers,1,2020,140,2458989,-9999.0,140,140,140,5.0,-9999.0,1,2020,140,2458989,-9999.0,1.0,-9999.0,518.33
38118,43.335144,-70.549446,4,ME,1208,Malus,spp.,apple,Plantae,371,Breaking leaf buds,1,2020,121,2458970,-9999.0,121,121,121,8.0,-9999.0,1,2020,135,2458984,-9999.0,7.0,-9999.0,334.01
38118,43.335144,-70.549446,4,ME,1208,Malus,spp.,apple,Plantae,390,Ripe fruits,1,2020,269,2459118,-9999.0,269,269,269,7.0,-9999.0,1,2020,276,2459125,-9999.0,14.0,-9999.0,3015.85
38118,43.335144,-70.549446,4,ME,1208,Malus,spp.,apple,Plantae,467,Early season leaf expansion,1,2020,135,2458984,-9999.0,135,135,135,9.0,-9999.0,1,2020,193,2459042,-9999.0,7.0,-9999.0,467.99
38118,43.335144,-70.549446,4,ME,1208,Malus,spp.,apple,Plantae,471,Falling leaves,1,2020,228,2459077,-9999.0,228,228,228,14.0,-9999.0,0,-9999,-9999,-9999,-9999.0,-9999.0,-9999.0,2308.91
38118,43.335144,-70.549446,4,ME,1208,Malus,spp.,apple,Plantae,483,Leaves,1,2020,135,2458984,-9999.0,135,135,135,9.0,-9999.0,0,-9999,-9999,-9999,-9999.0,-9999.0,-9999.0,467.99
38118,43.335144,-70.549446,4,ME,1208,Malus,spp.,apple,Plantae,498,Colored leaves,1,2020,228,2459077,-9999.0,228,228,228,14.0,-9999.0,0,-9999,-9999,-9999,-9999.0,-9999.0,-9999.0,2308.91
38118,43.335144,-70.549446,4,ME,1208,Malus,spp.,apple,Plantae,500,Flowers or flower buds,1,2020,135,2458984,-9999.0,135,135,135,9.0,-9999.0,1,2020,148,2458997,-9999.0,7.0,-9999.0,467.99
38118,43.335144,-70.549446,4,ME,1208,Malus,spp.,apple,Plantae,501,Open flowers,1,2020,142,2458991,-9999.0,142,142,142,7.0,-9999.0,1,2020,148,2458997,-9999.0,7.0,-9999.0,555.3
38118,43.335144,-70.549446,4,ME,1208,Malus,spp.,apple,Plantae,504,Recent fruit or seed drop,1,2020,269,2459118,-9999.0,269,269,269,7.0,-9999.0,1,2020,276,2459125,-9999.0,14.0,-9999.0,3015.85
38118,43.335144,-70.549446,4,ME,1208,Malus,spp.,apple,Plantae,516,Fruits,1,2020,179,2459028,-9999.0,179,179,179,8.0,-9999.0,1,2020,276,2459125,-9999.0,14.0,-9999.0,1214.17
38365,40.853722,-74.65435,237,NJ,1208,Malus,spp.,apple,Plantae,500,Flowers or flower buds,0,-9999,-9999,-9999,-9999.0,-9999,-9999,-9999,-9999.0,-9999.0,1,2020,123,2458972,-9999.0,16.0,-9999.0,-9999.0
38365,40.853722,-74.65435,237,NJ,1208,Malus,spp.,apple,Plantae,501,Open flowers,1,2020,123,2458972,-9999.0,123,123,123,7.0,-9999.0,1,2020,123,2458972,-9999.0,16.0,-9999.0,570.38
38365,40.853722,-74.65435,237,NJ,1208,Malus,spp.,apple,Plantae,516,Fruits,1,2020,151,2459000,-9999.0,151,151,151,12.0,-9999.0,0,-9999,-9999,-9999,-9999.0,-9999.0,-9999.0,961.26
38639,41.887527,-88.305351,232,IL,1208,Malus,spp.,apple,Plantae,371,Breaking leaf buds,0,-9999,-9999,-9999,-9999.0,-9999,-9999,-9999,-9999.0,-9999.0,1,2020,99,2458948,-9999.0,8.0,-9999.0,-9999.0
38639,41.887527,-88.305351,232,IL,1208,Malus,spp.,apple,Plantae,467,Early season leaf expansion,1,2020,107,2458956,-9999.0,107,107,107,8.0,-9999.0,0,-9999,-9999,-9999,-9999.0,-9999.0,-9999.0,292.71
38639,41.887527,-88.305351,232,IL,1208,Malus,spp.,apple,Plantae,500,Flowers or flower buds,1,2020,119,2458968,-9999.0,119,119,119,12.0,-9999.0,0,-9999,-9999,-9999,-9999.0,-9999.0,-9999.0,394.79
38639,41.887527,-88.305351,232,IL,1208,Malus,spp.,apple,Plantae,504,Recent fruit or seed drop,1,2020,119,2458968,-9999.0,119,119,119,12.0,-9999.0,0,-9999,-9999,-9999,-9999.0,-9999.0,-9999.0,394.79
38669,41.695396,-88.157272,194,IL,1208,Malus,spp.,apple,Plantae,371,Breaking leaf buds,0,-9999,-9999,-9999,-9999.0,-9999,-9999,-9999,-9999.0,-9999.0,1,2020,131,2458980,-9999.0,3.0,-9999.0,-9999.0
38669,41.695396,-88.157272,194,IL,1208,Malus,spp.,apple,Plantae,467,Early season leaf expansion,0,-9999,-9999,-9999,-9999.0,-9999,-9999,-9999,-9999.0,-9999.0,1,2020,131,2458980,-9999.0,3.0,-9999.0,-9999.0
38669,41.695396,-88.157272,194,IL,1208,Malus,spp.,apple,Plantae,500,Flowers or flower buds,0,-9999,-9999,-9999,-9999.0,-9999,-9999,-9999,-9999.0,-9999.0,1,2020,140,2458989,-9999.0,3.0,-9999.0,-9999.0
38669,41.695396,-88.157272,194,IL,1208,Malus,spp.,apple,Plantae,501,Open flowers,1,2020,125,2458974,-9999.0,125,125,125,4.0,-9999.0,1,2020,140,2458989,-9999.0,3.0,-9999.0,495.05
40523,40.715797,-111.856506,1332,UT,1208,Malus,spp.,apple,Plantae,371,Breaking leaf buds,0,-9999,-9999,-9999,-9999.0,-9999,-9999,-9999,-9999.0,-9999.0,1,2020,262,2459111,-9999.0,3.0,-9999.0,-9999.0
40523,40.715797,-111.856506,1332,UT,1208,Malus,spp.,apple,Plantae,467,Early season leaf expansion,1,2020,260,2459109,-9999.0,260,260,260,2.0,-9999.0,1,2020,260,2459109,-9999.0,2.0,-9999.0,3811.49
40523,40.715797,-111.856506,1332,UT,1208,Malus,spp.,apple,Plantae,471,Falling leaves,1,2020,265,2459114,-9999.0,265,265,265,3.0,-9999.0,0,-9999,-9999,-9999,-9999.0,-9999.0,-9999.0,3916.08
40523,40.715797,-111.856506,1332,UT,1208,Malus,spp.,apple,Plantae,504,Recent fruit or seed drop,0,-9999,-9999,-9999,-9999.0,-9999,-9999,-9999,-9999.0,-9999.0,1,2020,246,2459095,-9999.0,3.0,-9999.0,-9999.0
40523,40.715797,-111.856506,1332,UT,1208,Malus,spp.,apple,Plantae,516,Fruits,0,-9999,-9999,-9999,-9999.0,-9999,-9999,-9999,-9999.0,-9999.0,1,2020,246,2459095,-9999.0,3.0,-9999.0,-9999.0
40729,49.094334,-121.952408,67,BC,1208,Malus,spp.,apple,Plantae,471,Falling leaves,0,-9999,-9999,-9999,-9999.0,-9999,-9999,-9999,-9999.0,-9999.0,1,2020,314,2459163,-9999.0,4.0,-9999.0,-9999.0
40729,49.094334,-121.952408,67,BC,1208,Malus,spp.,apple,Plantae,483,Leaves,0,-9999,-9999,-9999,-9999.0,-9999,-9999,-9999,-9999.0,-9999.0,1,2020,314,2459163,-9999.0,4.0,-9999.0,-9999.0
40729,49.094334,-121.952408,67,BC,1208,Malus,spp.,apple,Plantae,498,Colored leaves,0,-9999,-9999,-9999,-9999.0,-9999,-9999,-9999,-9999.0,-9999.0,1,2020,314,2459163,-9999.0,4.0,-9999.0,-9999.0
40741,49.10981,-121.914917,88,BC,1208,Malus,spp.,apple,Plantae,371,Breaking leaf buds,0,-9999,-9999,-9999,-9999.0,-9999,-9999,-9999,-9999.0,-9999.0,1,2020,274,2459123,-9999.0,1.0,-9999.0,-9999.0
40741,49.10981,-121.914917,88,BC,1208,Malus,spp.,apple,Plantae,390,Ripe fruits,0,-9999,-9999,-9999,-9999.0,-9999,-9999,-9999,-9999.0,-9999.0,1,2020,298,2459147,-9999.0,4.0,-9999.0,-9999.0
40741,49.10981,-121.914917,88,BC,1208,Malus,spp.,apple,Plantae,467,Early season leaf expansion,0,-9999,-9999,-9999,-9999.0,-9999,-9999,-9999,-9999.0,-9999.0,1,2020,274,2459123,-9999.0,1.0,-9999.0,-9999.0
40741,49.10981,-121.914917,88,BC,1208,Malus,spp.,apple,Plantae,471,Falling leaves,1,2020,284,2459133,-9999.0,284,284,284,3.0,-9999.0,1,2020,334,2459183,-9999.0,7.0,-9999.0,3432.31
40741,49.10981,-121.914917,88,BC,1208,Malus,spp.,apple,Plantae,483,Leaves,1,2020,327,2459176,-9999.0,327,327,327,3.0,-9999.0,1,2020,334,2459183,-9999.0,7.0,-9999.0,3746.26
40741,49.10981,-121.914917,88,BC,1208,Malus,spp.,apple,Plantae,498,Colored leaves,1,2020,275,2459124,-9999.0,275,275,275,1.0,-9999.0,1,2020,334,2459183,-9999.0,7.0,-9999.0,3292.63
40741,49.10981,-121.914917,88,BC,1208,Malus,spp.,apple,Plantae,504,Recent fruit or seed drop,1,2020,302,2459151,-9999.0,302,302,302,4.0,-9999.0,1,2020,306,2459155,-9999.0,3.0,-9999.0,3583.16
40741,49.10981,-121.914917,88,BC,1208,Malus,spp.,apple,Plantae,516,Fruits,0,-9999,-9999,-9999,-9999.0,-9999,-9999,-9999,-9999.0,-9999.0,1,2020,298,2459147,-9999.0,4.0,-9999.0,-9999.0
40798,34.121696,-118.047882,135,CA,1208,Malus,spp.,apple,Plantae,371,Breaking leaf buds,1,2020,291,2459140,-9999.0,291,291,291,23.0,-9999.0,0,-9999,-9999,-9999,-9999.0,-9999.0,-9999.0,6109.58
40798,34.121696,-118.047882,135,CA,1208,Malus,spp.,apple,Plantae,390,Ripe fruits,0,-9999,-9999,-9999,-9999.0,-9999,-9999,-9999,-9999.0,-9999.0,1,2020,268,2459117,-9999.0,23.0,-9999.0,-9999.0
40798,34.121696,-118.047882,135,CA,1208,Malus,spp.,apple,Plantae,500,Flowers or flower buds,1,2020,291,2459140,-9999.0,291,291,291,23.0,-9999.0,0,-9999,-9999,-9999,-9999.0,-9999.0,-9999.0,6109.58
40798,34.121696,-118.047882,135,CA,1208,Malus,spp.,apple,Plantae,504,Recent fruit or seed drop,0,-9999,-9999,-9999,-9999.0,-9999,-9999,-9999,-9999.0,-9999.0,1,2020,268,2459117,-9999.0,23.0,-9999.0,-9999.0
41143,44.861355,-92.62381,293,WI,1208,Malus,spp.,apple,Plantae,471,Falling leaves,0,-9999,-9999,-9999,-9999.0,-9999,-9999,-9999,-9999.0,-9999.0,1,2020,345,2459194,-9999.0,1.0,-9999.0,-9999.0
41143,44.861355,-92.62381,293,WI,1208,Malus,spp.,apple,Plantae,483,Leaves,0,-9999,-9999,-9999,-9999.0,-9999,-9999,-9999,-9999.0,-9999.0,1,2020,345,2459194,-9999.0,1.0,-9999.0,-9999.0
41143,44.861355,-92.62381,293,WI,1208,Malus,spp.,apple,Plantae,498,Colored leaves,1,2020,275,2459124,-9999.0,275,275,275,7.0,-9999.0,1,2020,331,2459180,-9999.0,7.0,-9999.0,3119.48
41163,49.076481,-122.248802,46,BC,1208,Malus,spp.,apple,Plantae,498,Colored leaves,1,2020,302,2459151,-9999.0,302,302,302,2.0,-9999.0,1,2020,282,2459131,-9999.0,9.0,-9999.0,3594.41
41192,49.140591,-122.28537,34,BC,1208,Malus,spp.,apple,Plantae,390,Ripe fruits,1,2020,326,2459175,-9999.0,326,326,326,4.0,-9999.0,1,2020,318,2459167,-9999.0,4.0,-9999.0,3817.91
41192,49.140591,-122.28537,34,BC,1208,Malus,spp.,apple,Plantae,471,Falling leaves,1,2020,302,2459151,-9999.0,302,302,302,4.0,-9999.0,1,2020,318,2459167,-9999.0,4.0,-9999.0,3650.81
41192,49.140591,-122.28537,34,BC,1208,Malus,spp.,apple,Plantae,483,Leaves,1,2020,326,2459175,-9999.0,326,326,326,4.0,-9999.0,1,2020,318,2459167,-9999.0,4.0,-9999.0,3817.91
41192,49.140591,-122.28537,34,BC,1208,Malus,spp.,apple,Plantae,498,Colored leaves,1,2020,302,2459151,-9999.0,302,302,302,4.0,-9999.0,1,2020,318,2459167,-9999.0,4.0,-9999.0,3650.81
41192,49.140591,-122.28537,34,BC,1208,Malus,spp.,apple,Plantae,504,Recent fruit or seed drop,1,2020,326,2459175,-9999.0,326,326,326,4.0,-9999.0,1,2020,318,2459167,-9999.0,4.0,-9999.0,3817.91
41192,49.140591,-122.28537,34,BC,1208,Malus,spp.,apple,Plantae,516,Fruits,1,2020,326,2459175,-9999.0,326,326,326,4.0,-9999.0,1,2020,318,2459167,-9999.0,4.0,-9999.0,3817.91
41212,44.978855,-92.435745,338,WI,1208,Malus,spp.,apple,Plantae,390,Ripe fruits,0,-9999,-9999,-9999,-9999.0,-9999,-9999,-9999,-9999.0,-9999.0,1,2020,273,2459122,-9999.0,7.0,-9999.0,-9999.0
41212,44.978855,-92.435745,338,WI,1208,Malus,spp.,apple,Plantae,471,Falling leaves,1,2020,287,2459136,-9999.0,287,287,287,7.0,-9999.0,1,2020,330,2459179,-9999.0,7.0,-9999.0,3051.41
41212,44.978855,-92.435745,338,WI,1208,Malus,spp.,apple,Plantae,483,Leaves,0,-9999,-9999,-9999,-9999.0,-9999,-9999,-9999,-9999.0,-9999.0,1,2020,330,2459179,-9999.0,7.0,-9999.0,-9999.0
41212,44.978855,-92.435745,338,WI,1208,Malus,spp.,apple,Plantae,498,Colored leaves,1,2020,287,2459136,-9999.0,287,287,287,7.0,-9999.0,1,2020,330,2459179,-9999.0,7.0,-9999.0,3051.41
41212,44.978855,-92.435745,338,WI,1208,Malus,spp.,apple,Plantae,516,Fruits,0,-9999,-9999,-9999,-9999.0,-9999,-9999,-9999,-9999.0,-9999.0,1,2020,273,2459122,-9999.0,7.0,-9999.0,-9999.0
41217,49.014462,-122.052498,534,BC,1208,Malus,spp.,apple,Plantae,467,Early season leaf expansion,0,-9999,-9999,-9999,-9999.0,-9999,-9999,-9999,-9999.0,-9999.0,2,2020,298,2459147,0.0,6.0,0.0,-9999.0
41217,49.014462,-122.052498,534,BC,1208,Malus,spp.,apple,Plantae,471,Falling leaves,0,-9999,-9999,-9999,-9999.0,-9999,-9999,-9999,-9999.0,-9999.0,2,2020,330,2459179,0.0,12.0,0.0,-9999.0
41217,49.014462,-122.052498,534,BC,1208,Malus,spp.,apple,Plantae,483,Leaves,0,-9999,-9999,-9999,-9999.0,-9999,-9999,-9999,-9999.0,-9999.0,2,2020,330,2459179,0.0,12.0,0.0,-9999.0
41217,49.014462,-122.052498,534,BC,1208,Malus,spp.,apple,Plantae,498,Colored leaves,0,-9999,-9999,-9999,-9999.0,-9999,-9999,-9999,-9999.0,-9999.0,2,2020,330,2459179,0.0,12.0,0.0,-9999.0
41217,49.014462,-122.052498,534,BC,1208,Malus,spp.,apple,Plantae,504,Recent fruit or seed drop,0,-9999,-9999,-9999,-9999.0,-9999,-9999,-9999,-9999.0,-9999.0,2,2020,311,2459160,6.5,9.0,4.0,-9999.0
41307,49.119392,-121.953102,20,BC,1208,Malus,spp.,apple,Plantae,371,Breaking leaf buds,0,-9999,-9999,-9999,-9999.0,-9999,-9999,-9999,-9999.0,-9999.0,2,2020,322,2459171,5.5,7.0,4.0,-9999.0
41307,49.119392,-121.953102,20,BC,1208,Malus,spp.,apple,Plantae,390,Ripe fruits,1,2020,309,2459158,-9999.0,309,309,309,7.0,-9999.0,1,2020,311,2459160,-9999.0,5.0,-9999.0,3727.04
41307,49.119392,-121.953102,20,BC,1208,Malus,spp.,apple,Plantae,471,Falling leaves,0,-9999,-9999,-9999,-9999.0,-9999,-9999,-9999,-9999.0,-9999.0,2,2020,322,2459171,5.5,7.0,4.0,-9999.0
41307,49.119392,-121.953102,20,BC,1208,Malus,spp.,apple,Plantae,483,Leaves,0,-9999,-9999,-9999,-9999.0,-9999,-9999,-9999,-9999.0,-9999.0,2,2020,322,2459171,5.5,7.0,4.0,-9999.0
41307,49.119392,-121.953102,20,BC,1208,Malus,spp.,apple,Plantae,498,Colored leaves,2,2020,302,2459151,0.0,302,302,302,5.0,0.0,2,2020,322,2459171,5.5,7.0,4.0,3659.45
41307,49.119392,-121.953102,20,BC,1208,Malus,spp.,apple,Plantae,504,Recent fruit or seed drop,1,2020,327,2459176,-9999.0,327,327,327,11.0,-9999.0,1,2020,327,2459176,-9999.0,3.0,-9999.0,3829.18
41307,49.119392,-121.953102,20,BC,1208,Malus,spp.,apple,Plantae,516,Fruits,0,-9999,-9999,-9999,-9999.0,-9999,-9999,-9999,-9999.0,-9999.0,1,2020,316,2459165,-9999.0,11.0,-9999.0,-9999.0
41309,49.185192,-121.877464,13,BC,1208,Malus,spp.,apple,Plantae,390,Ripe fruits,0,-9999,-9999,-9999,-9999.0,-9999,-9999,-9999,-9999.0,-9999.0,1,2020,289,2459138,-9999.0,6.0,-9999.0,-9999.0
41309,49.185192,-121.877464,13,BC,1208,Malus,spp.,apple,Plantae,504,Recent fruit or seed drop,0,-9999,-9999,-9999,-9999.0,-9999,-9999,-9999,-9999.0,-9999.0,1,2020,295,2459144,-9999.0,3.0,-9999.0,-9999.0
41309,49.185192,-121.877464,13,BC,1208,Malus,spp.,apple,Plantae,516,Fruits,0,-9999,-9999,-9999,-9999.0,-9999,-9999,-9999,-9999.0,-9999.0,1,2020,289,2459138,-9999.0,6.0,-9999.0,-9999.0
41341,49.103424,-122.283974,4,BC,1208,Malus,spp.,apple,Plantae,471,Falling leaves,0,-9999,-9999,-9999,-9999.0,-9999,-9999,-9999,-9999.0,-9999.0,1,2020,330,2459179,-9999.0,9.0,-9999.0,-9999.0
41341,49.103424,-122.283974,4,BC,1208,Malus,spp.,apple,Plantae,483,Leaves,0,-9999,-9999,-9999,-9999.0,-9999,-9999,-9999,-9999.0,-9999.0,1,2020,330,2459179,-9999.0,9.0,-9999.0,-9999.0
41341,49.103424,-122.283974,4,BC,1208,Malus,spp.,apple,Plantae,498,Colored leaves,0,-9999,-9999,-9999,-9999.0,-9999,-9999,-9999,-9999.0,-9999.0,1,2020,330,2459179,-9999.0,9.0,-9999.0,-9999.0
41341,49.103424,-122.283974,4,BC,1208,Malus,spp.,apple,Plantae,504,Recent fruit or seed drop,0,-9999,-9999,-9999,-9999.0,-9999,-9999,-9999,-9999.0,-9999.0,1,2020,281,2459130,-9999.0,6.0,-9999.0,-9999.0
41346,49.115093,-121.968056,24,BC,1208,Malus,spp.,apple,Plantae,371,Breaking leaf buds,0,-9999,-9999,-9999,-9999.0,-9999,-9999,-9999,-9999.0,-9999.0,1,2020,284,2459133,-9999.0,4.0,-9999.0,-9999.0
41346,49.115093,-121.968056,24,BC,1208,Malus,spp.,apple,Plantae,390,Ripe fruits,0,-9999,-9999,-9999,-9999.0,-9999,-9999,-9999,-9999.0,-9999.0,2,2020,299,2459148,11.0,4.5,1.5,-9999.0
41346,49.115093,-121.968056,24,BC,1208,Malus,spp.,apple,Plantae,467,Early season leaf expansion,0,-9999,-9999,-9999,-9999.0,-9999,-9999,-9999,-9999.0,-9999.0,2,2020,291,2459140,3.0,5.0,1.0,-9999.0
41346,49.115093,-121.968056,24,BC,1208,Malus,spp.,apple,Plantae,471,Falling leaves,2,2020,294,2459143,0.0,294,294,294,6.0,0.0,0,-9999,-9999,-9999,-9999.0,-9999.0,-9999.0,3605.83
41346,49.115093,-121.968056,24,BC,1208,Malus,spp.,apple,Plantae,498,Colored leaves,2,2020,294,2459143,0.0,294,294,294,6.0,0.0,0,-9999,-9999,-9999,-9999.0,-9999.0,-9999.0,3605.83
41346,49.115093,-121.968056,24,BC,1208,Malus,spp.,apple,Plantae,504,Recent fruit or seed drop,2,2020,293,2459142,5.0,288,298,293,4.0,0.0,2,2020,299,2459148,11.0,4.5,1.5,3587.525
41346,49.115093,-121.968056,24,BC,1208,Malus,spp.,apple,Plantae,516,Fruits,0,-9999,-9999,-9999,-9999.0,-9999,-9999,-9999,-9999.0,-9999.0,2,2020,299,2459148,11.0,4.5,1.5,-9999.0
41408,49.051025,-122.357582,75,BC,1208,Malus,spp.,apple,Plantae,390,Ripe fruits,0,-9999,-9999,-9999,-9999.0,-9999,-9999,-9999,-9999.0,-9999.0,1,2020,312,2459161,-9999.0,4.0,-9999.0,-9999.0
41408,49.051025,-122.357582,75,BC,1208,Malus,spp.,apple,Plantae,471,Falling leaves,1,2020,296,2459145,-9999.0,296,296,296,7.0,-9999.0,0,-9999,-9999,-9999,-9999.0,-9999.0,-9999.0,3564.93
41408,49.051025,-122.357582,75,BC,1208,Malus,spp.,apple,Plantae,483,Leaves,0,-9999,-9999,-9999,-9999.0,-9999,-9999,-9999,-9999.0,-9999.0,1,2020,312,2459161,-9999.0,4.0,-9999.0,-9999.0
41408,49.051025,-122.357582,75,BC,1208,Malus,spp.,apple,Plantae,498,Colored leaves,0,-9999,-9999,-9999,-9999.0,-9999,-9999,-9999,-9999.0,-9999.0,1,2020,312,2459161,-9999.0,4.0,-9999.0,-9999.0
41408,49.051025,-122.357582,75,BC,1208,Malus,spp.,apple,Plantae,504,Recent fruit or seed drop,1,2020,296,2459145,-9999.0,296,296,296,7.0,-9999.0,0,-9999,-9999,-9999,-9999.0,-9999.0,-9999.0,3564.93
41408,49.051025,-122.357582,75,BC,1208,Malus,spp.,apple,Plantae,516,Fruits,0,-9999,-9999,-9999,-9999.0,-9999,-9999,-9999,-9999.0,-9999.0,1,2020,312,2459161,-9999.0,4.0,-9999.0,-9999.0
41409,49.051247,-122.356071,75,BC,1208,Malus,spp.,apple,Plantae,471,Falling leaves,1,2020,296,2459145,-9999.0,296,296,296,7.0,-9999.0,0,-9999,-9999,-9999,-9999.0,-9999.0,-9999.0,3564.93
41409,49.051247,-122.356071,75,BC,1208,Malus,spp.,apple,Plantae,504,Recent fruit or seed drop,1,2020,296,2459145,-9999.0,296,296,296,7.0,-9999.0,0,-9999,-9999,-9999,-9999.0,-9999.0,-9999.0,3564.93
41507,49.130592,-122.063744,8,BC,1208,Malus,spp.,apple,Plantae,371,Breaking leaf buds,0,-9999,-9999,-9999,-9999.0,-9999,-9999,-9999,-9999.0,-9999.0,1,2020,289,2459138,-9999.0,15.0,-9999.0,-9999.0
41507,49.130592,-122.063744,8,BC,1208,Malus,spp.,apple,Plantae,471,Falling leaves,0,-9999,-9999,-9999,-9999.0,-9999,-9999,-9999,-9999.0,-9999.0,1,2020,304,2459153,-9999.0,6.0,-9999.0,-9999.0
41507,49.130592,-122.063744,8,BC,1208,Malus,spp.,apple,Plantae,483,Leaves,0,-9999,-9999,-9999,-9999.0,-9999,-9999,-9999,-9999.0,-9999.0,1,2020,304,2459153,-9999.0,6.0,-9999.0,-9999.0
41507,49.130592,-122.063744,8,BC,1208,Malus,spp.,apple,Plantae,498,Colored leaves,0,-9999,-9999,-9999,-9999.0,-9999,-9999,-9999,-9999.0,-9999.0,1,2020,304,2459153,-9999.0,6.0,-9999.0,-9999.0
41507,49.130592,-122.063744,8,BC,1208,Malus,spp.,apple,Plantae,504,Recent fruit or seed drop,0,-9999,-9999,-9999,-9999.0,-9999,-9999,-9999,-9999.0,-9999.0,1,2020,304,2459153,-9999.0,6.0,-9999.0,-9999.0
41903,34.287571,-86.849609,298,AL,1208,Malus,spp.,apple,Plantae,471,Falling leaves,0,-9999,-9999,-9999,-9999.0,-9999,-9999,-9999,-9999.0,-9999.0,1,2020,334,2459183,-9999.0,12.0,-9999.0,-9999.0
